source_id,galactic_longitude,galactic_latitude,visual_magnitude,parallax
4295806720,176.9510762,-48.90152087,17.641426,0.35433056
34361129088,176.9427885,-48.88493355,17.571619,3.235017272
38655544960,176.9447621,-48.88527012,14.128453,3.139170115
3.09238E+11,176.9142655,-48.87974731,19.597301,1.383149619
3.43597E+11,176.8754244,-48.89837939,18.135033,0.196147669
5.15396E+11,176.886903,-48.85781466,19.433544,0.242393516
5.49756E+11,176.9593656,-48.8343975,14.987767,1.583477007
8.2893E+11,176.9113059,-48.8381628,16.580168,1.203094663
9.66368E+11,176.9074505,-48.81423626,19.956306,1.467696871
1.27561E+12,176.8706287,-48.85450727,16.23627,0.629649987
1.34003E+12,176.8362348,-48.86628915,17.778534,0.415615591
1.34003E+12,176.8372337,-48.85387408,18.615105,0.311064941
1.37439E+12,176.819349,-48.90600504,18.364864,1.765055041
1.6192E+12,176.7944741,-48.86465379,17.877853,1.717299292
1.65356E+12,176.8641906,-48.84653698,16.148806,0.301315272
1.68363E+12,176.8798167,-48.83182752,19.767834,2.937679699
1.71799E+12,176.8379462,-48.84788094,18.629124,2.736715916
1.75235E+12,176.85507,-48.82825798,19.060192,1.20292547
1.78671E+12,176.8784707,-48.80954923,20.666782,1.467347042
2.19902E+12,176.9686551,-48.77462764,18.248137,0.076866453
2.33646E+12,176.9637784,-48.75892059,19.057476,0.373936434
2.40518E+12,176.9472948,-48.76024858,19.704985,0.548403162
2.54692E+12,176.895634,-48.78179151,17.860052,0.224609334
2.74878E+12,176.9770626,-48.7176291,19.692509,1.140450752
2.75307E+12,176.9566791,-48.73038491,19.975853,0.223092934
2.8175E+12,176.9551557,-48.72521631,20.68734,1.968594799
2.85186E+12,176.9497258,-48.71183913,12.356248,2.676206625
2.88622E+12,176.9662692,-48.68868833,20.428804,0.334893018
2.92058E+12,176.9657267,-48.67687691,15.303216,0.588243852
2.9893E+12,176.952622,-48.68641725,19.893806,0.413845528
2.9893E+12,176.9401479,-48.68597186,17.871004,2.358857298
3.05802E+12,176.9365478,-48.70650876,20.151318,5.414544933
3.06231E+12,176.9259377,-48.71823048,15.18222,0.661107616
3.33289E+12,176.8832719,-48.77234704,12.511697,1.77280328
3.37155E+12,176.8561289,-48.78922282,14.56154,1.740795423
3.43597E+12,176.8738117,-48.75361043,20.345776,0.968220917
3.47033E+12,176.8743418,-48.74257117,20.571114,0.366320891
3.50899E+12,176.8605156,-48.76094579,15.161536,1.169073322
3.60777E+12,176.8371939,-48.77964542,18.986055,1.428901126
3.67649E+12,176.803298,-48.77456324,19.425993,1.39293845
3.74521E+12,176.839383,-48.73958433,19.234808,1.015831245
3.91701E+12,176.864365,-48.72485556,17.389402,1.017878248
4.02009E+12,176.8947455,-48.68454904,20.64228,1.406082348
4.05445E+12,176.8653435,-48.70697234,20.371807,3.586103044
4.23054E+12,176.8144216,-48.7211112,15.7034445,0.455642384
4.43241E+12,176.7736156,-48.89057875,20.252285,0.598042629
4.53978E+12,176.7873998,-48.88505885,19.713682,0.167682191
4.70728E+12,176.7249002,-48.89370282,18.714731,0.062953789
4.71158E+12,176.7253373,-48.89907955,14.277885,1.039021112
4.74164E+12,176.7029997,-48.909365,20.649858,1.003909574
4.77601E+12,176.7044086,-48.90304556,20.804167,0.658442099
4.81036E+12,176.7409468,-48.88744522,18.76147,1.767197445
4.81466E+12,176.7334709,-48.87922754,17.15224,1.431882667
5.01652E+12,176.7510522,-48.85063422,19.671003,0.437288015
5.05088E+12,176.7651431,-48.84350107,18.225672,2.835755593
5.1196E+12,176.7915253,-48.80381651,19.159203,1.641344466
5.19262E+12,176.7638133,-48.81376357,16.282227,8.053747022
5.2914E+12,176.7178672,-48.85810563,16.80119,0.379842122
5.2914E+12,176.7190509,-48.85205833,18.739752,0.459627021
5.2914E+12,176.7144898,-48.85309444,17.489523,1.241905475
5.33006E+12,176.7251284,-48.83626813,18.954113,0.754956818
5.36012E+12,176.7513828,-48.82629149,18.44239,2.708094284
5.36441E+12,176.7386228,-48.82863538,17.179367,0.889507866
5.39448E+12,176.750758,-48.81059496,17.82597,1.803276752
5.49756E+12,176.7002261,-48.91010965,16.318913,0.712105123
5.53192E+12,176.6866937,-48.89926904,20.138453,0.703072821
5.84116E+12,176.6254125,-48.91143807,18.87573,2.642519666
6.01296E+12,176.635054,-48.87665439,18.67387,0.570025645
6.01725E+12,176.6359698,-48.87578595,17.294584,0.611239397
6.04731E+12,176.698576,-48.85355026,18.43546,0.32446975
6.08597E+12,176.6981333,-48.83880468,16.271992,0.517392544
6.15039E+12,176.680378,-48.83768953,19.908274,0.007214229
6.18475E+12,176.6972901,-48.82579816,19.676785,0.149437734
6.21911E+12,176.7068384,-48.81479566,18.956064,0.243560265
6.21911E+12,176.6936102,-48.81799589,20.449587,0.801463845
6.22341E+12,176.6895228,-48.81655312,13.932565,3.097848934
6.46393E+12,176.6536242,-48.82480891,17.888735,0.143271076
6.52835E+12,176.6379344,-48.82625209,17.566711,1.508512296
6.59707E+12,176.779527,-48.79419553,20.130293,0.15048828
6.63143E+12,176.7892235,-48.77445004,15.907244,3.595164269
6.70015E+12,176.7645252,-48.77840843,18.84677,0.005526157
6.9106E+12,176.7400498,-48.78198525,17.865686,0.225017161
6.94496E+12,176.7304946,-48.78954905,14.281499,0.990404628
7.11676E+12,176.7274075,-48.75380957,16.743837,5.184996864
7.2499E+12,176.7697421,-48.7170046,19.758446,0.156955782
7.28426E+12,176.7909805,-48.70782693,14.068443,6.227192128
7.35298E+12,176.7747153,-48.71398765,18.929073,0.334659416
7.38734E+12,176.7795317,-48.68870164,15.05918,2.641564994
7.4217E+12,176.7545464,-48.73857446,19.161352,2.246325333
7.46036E+12,176.7614341,-48.7194719,20.100655,4.102116005
7.52478E+12,176.7319593,-48.72956357,20.691904,1.403342676
7.55914E+12,176.7585781,-48.71046817,19.308731,2.314529906
7.63216E+12,176.7404288,-48.71441436,8.068802,5.602293544
7.83402E+12,176.6987499,-48.76879433,17.175085,0.121991895
7.9414E+12,176.6726878,-48.75698517,15.159093,4.569036646
8.04018E+12,176.6387053,-48.80720812,18.20076,1.323389841
8.04447E+12,176.6454754,-48.80231148,14.947446,1.648985274
8.04447E+12,176.6369511,-48.79609137,17.710104,1.377630937
8.1089E+12,176.6599587,-48.77372469,20.353409,0.168442977
8.1089E+12,176.6609558,-48.77041422,20.586231,4.055837926
8.17762E+12,176.6478144,-48.76912084,19.410795,1.178421574
8.24634E+12,176.7153388,-48.74509832,20.392965,2.439255528
8.24634E+12,176.7084673,-48.74319486,17.374819,0.075078713
8.25063E+12,176.7077352,-48.74331347,17.166658,0.734424369
8.31506E+12,176.6882776,-48.73631293,19.36258,0.035796788
8.34942E+12,176.6854069,-48.7230475,18.921555,0.305485823
8.38378E+12,176.7066771,-48.71024273,19.690546,0.394607336
8.41814E+12,176.7151236,-48.69396455,17.991674,1.810867264
8.65865E+12,176.6553398,-48.72171135,20.364698,0.771885374
8.72737E+12,176.6419988,-48.71270343,18.01602,1.104718622
8.76173E+12,176.6438361,-48.69866083,20.469542,0.736760691
8.76603E+12,176.6428401,-48.7054469,14.691891,0.842875339
8.83475E+12,176.9766232,-48.65688786,17.006292,2.338353371
8.89917E+12,176.9585261,-48.6501339,19.272629,2.704137466
8.93353E+12,176.9712235,-48.64019807,18.555439,0.173926414
9.10963E+12,176.9374086,-48.65593419,17.787647,0.29994414
9.17405E+12,176.9032588,-48.65357437,17.252138,1.867725651
9.24706E+12,176.9356611,-48.63192294,19.375763,0.696736908
9.28143E+12,176.9164386,-48.64501309,10.64289,3.800303056
9.68945E+12,176.914596,-48.61962328,16.613949,1.496434538
9.72381E+12,176.9211518,-48.59293851,16.548462,0.396465143
9.99868E+12,176.8716067,-48.66419843,16.94076,0.292612872
9.99868E+12,176.8632504,-48.65349556,19.999418,0.343771092
1.01361E+13,176.8640279,-48.63458817,19.035908,1.594286786
1.01404E+13,176.8712204,-48.63632274,15.405849,0.375328274
1.03423E+13,176.8442739,-48.62550157,20.16903,1.948505414
1.04797E+13,176.8958033,-48.60511631,20.551653,0.808583879
1.05828E+13,176.8963535,-48.5841249,19.88711,0.888794712
1.06859E+13,176.8750335,-48.57624411,20.16412,2.634986311
1.07546E+13,176.8492805,-48.60979081,19.302555,0.460635332
1.0892E+13,176.8515436,-48.57085594,18.78724,0.001630168
1.09951E+13,176.9897769,-48.5499761,18.517681,0.809685907
1.10295E+13,176.9924516,-48.53843785,16.37695,0.525263492
1.12056E+13,176.9544836,-48.52990849,16.955458,1.83293346
1.13044E+13,176.9384278,-48.5370942,19.035908,2.43111971
1.15105E+13,176.9133082,-48.51710922,17.598793,6.119356355
1.15449E+13,176.9941783,-48.49943,18.630215,0.506218728
1.15792E+13,176.9928675,-48.48083963,14.647317,0.806432609
1.16136E+13,176.9662108,-48.4944047,19.441694,1.123268773
1.1751E+13,176.9596799,-48.46760415,20.60094,0.233931384
1.17553E+13,176.9761674,-48.46566978,17.106558,2.764855262
1.17854E+13,176.9719219,-48.45662535,20.212744,1.335599929
1.24425E+13,176.8317561,-48.55723995,20.336842,0.115620939
1.25456E+13,176.8608863,-48.51301952,12.194942,4.329845546
1.26787E+13,176.9067046,-48.48631416,18.594732,0.05592795
1.26787E+13,176.9082917,-48.48267352,18.761465,0.110441782
1.27518E+13,176.8789821,-48.48365049,16.563858,0.8377698
1.28162E+13,176.9072,-48.45104508,18.895056,1.239281537
1.29536E+13,176.8627791,-48.48239071,20.215034,2.522005522
1.30567E+13,176.8660754,-48.47216502,18.836546,0.391962535
1.31254E+13,176.8459787,-48.47032161,17.419203,1.54387324
1.31641E+13,176.8355702,-48.45668833,16.10833,0.810196635
1.32972E+13,176.7791209,-48.67099134,19.94669,1.397140686
1.33015E+13,176.7804016,-48.66784437,10.789548,3.148076155
1.33316E+13,176.8104986,-48.65100253,19.556702,0.521126652
1.33316E+13,176.7951974,-48.65346336,19.065523,1.385149064
1.34003E+13,176.7840152,-48.65314144,17.171417,0.084654609
1.3469E+13,176.7485209,-48.68551179,17.44436,0.384911776
1.34733E+13,176.7604186,-48.68236785,11.142178,2.561994724
1.36065E+13,176.7677159,-48.64655697,19.48965,0.030776067
1.36065E+13,176.7616136,-48.65432383,20.716198,1.934841572
1.36108E+13,176.7639033,-48.6553625,16.196495,0.936763666
1.36408E+13,176.7673795,-48.6361577,16.766909,0.522397079
1.36451E+13,176.7578292,-48.64150882,17.334358,2.016727071
1.37095E+13,176.7407588,-48.64039995,19.918894,0.061177735
1.37439E+13,176.8125667,-48.62432483,18.71046,1.897941794
1.37783E+13,176.8078773,-48.60721907,16.716763,0.918422047
1.38126E+13,176.7732709,-48.62165567,18.507069,1.044110265
1.38169E+13,176.7868582,-48.62375832,17.208853,0.613683594
1.38856E+13,176.8077856,-48.59137609,18.070105,0.290182886
1.40574E+13,176.7546121,-48.61118436,17.368435,0.747849937
1.41906E+13,176.7619568,-48.5815066,19.838844,0.226255256
1.41906E+13,176.7593392,-48.58134391,18.005928,2.719566716
1.41906E+13,176.7691199,-48.57388647,18.64954,0.86607328
1.42636E+13,176.7524827,-48.58233896,14.464003,4.139319896
1.4401E+13,176.689759,-48.66316952,14.904602,1.227107973
1.44311E+13,176.7151237,-48.66074948,13.908032,1.526271673
1.45728E+13,176.6716877,-48.68756923,15.552508,0.832968178
1.47403E+13,176.6831597,-48.64010453,19.813335,1.552980527
1.47403E+13,176.6751938,-48.63731451,19.0086,0.755315151
1.4809E+13,176.6580284,-48.64599729,19.977081,1.203999592
1.48778E+13,176.7264541,-48.61249777,20.730762,1.21415698
1.50839E+13,176.7002315,-48.5769385,18.75933,3.249521788
1.51183E+13,176.6796606,-48.6332181,18.94125,0.280855735
1.52557E+13,176.6869974,-48.59394441,17.70998,0.58255823
1.54619E+13,176.7897015,-48.56917847,20.49209,0.175659216
1.55306E+13,176.819803,-48.5282703,12.529439,4.595411705
1.55306E+13,176.8136037,-48.5402664,17.69107,0.141197362
1.5565E+13,176.8264825,-48.51472036,20.545664,1.348185475
1.56337E+13,176.8001836,-48.52018119,19.402739,1.887225388
1.5638E+13,176.790851,-48.5236095,13.135885,1.324240281
1.57067E+13,176.7587359,-48.55753528,20.09436,1.546961553
1.57368E+13,176.7365738,-48.56876295,18.349968,1.283017235
1.57411E+13,176.7391841,-48.57203534,10.253987,1.407660326
1.58398E+13,176.7627331,-48.52285105,18.394241,0.563955444
1.58398E+13,176.7729224,-48.52677415,20.079012,2.34881479
1.59429E+13,176.8237545,-48.49797487,18.640743,0.251308685
1.59429E+13,176.825334,-48.49977429,20.507645,1.419392748
1.60116E+13,176.799448,-48.50773143,17.438854,1.044000663
1.60116E+13,176.7967156,-48.50513599,16.829012,6.07472587
1.61147E+13,176.8119834,-48.45760253,19.60386,0.034527379
1.62221E+13,176.7681904,-48.50158535,15.497901,2.831291274
1.63552E+13,176.7871175,-48.47346547,17.238367,2.37702226
1.63552E+13,176.7670629,-48.48601581,18.325432,2.818894598
1.64283E+13,176.7507452,-48.48162577,15.956645,0.839430007
1.65313E+13,176.7181373,-48.551124,10.0337925,8.537190166
1.67332E+13,176.701333,-48.52417873,9.925234,5.473905597
1.67676E+13,176.6819612,-48.56432322,20.276241,0.978375918
1.68363E+13,176.6571834,-48.57553776,18.993021,0.305454005
1.68706E+13,176.6650354,-48.55685344,10.629925,2.10131724
1.68706E+13,176.6655398,-48.55376387,19.564178,1.463853412
1.68706E+13,176.666085,-48.55824432,16.741184,0.027400342
1.68706E+13,176.6659599,-48.55548975,19.434628,0.613259507
1.69737E+13,176.6580381,-48.54434694,17.310637,0.602776832
1.70081E+13,176.6720478,-48.52572854,12.748305,2.31411002
1.70124E+13,176.6626495,-48.53003421,20.338572,2.388390257
1.71112E+13,176.7049406,-48.5135962,20.04796,4.655732265
1.71498E+13,176.7035521,-48.49787004,12.165601,1.661167185
1.73517E+13,176.6971392,-48.49914556,17.576918,1.233292965
1.73517E+13,176.6938208,-48.49397038,19.848198,1.52427905
1.73903E+13,176.6632333,-48.51169985,15.190617,2.003908858
1.73903E+13,176.6622888,-48.51216369,15.471213,2.229798994
1.75235E+13,176.6692643,-48.49161726,20.330732,0.223292592
1.75278E+13,176.6716515,-48.48175093,19.860762,1.60563478
1.76652E+13,176.5813986,-48.91958115,16.321474,1.059695657
1.76953E+13,176.5865583,-48.90334108,20.817465,2.230809808
1.78327E+13,176.580927,-48.88231967,18.812529,1.699399081
1.78671E+13,176.5666373,-48.92107165,18.856089,1.912648011
1.78671E+13,176.5624259,-48.92417409,17.421501,0.468109259
1.78671E+13,176.5509911,-48.91650744,19.69934,3.09599963
1.79358E+13,176.5314992,-48.92394926,20.519863,0.563786639
1.80732E+13,176.5361799,-48.88828841,19.052267,2.57624408
1.81419E+13,176.6026466,-48.85807322,19.044182,0.800736009
1.82107E+13,176.5767679,-48.86660146,18.054995,0.084257727
1.82107E+13,176.5787383,-48.85959774,20.755589,0.503200605
1.82837E+13,176.6005771,-48.8309558,17.296766,2.19175417
1.83481E+13,176.5910181,-48.82816012,19.264427,1.017857067
1.84512E+13,176.5556301,-48.85006329,20.654789,0.675328856
1.84855E+13,176.534822,-48.8711287,20.540565,0.490358787
1.86616E+13,176.5379362,-48.82750293,16.58088,0.657754942
1.87261E+13,176.5203281,-48.90433899,20.281864,1.204506093
1.87991E+13,176.4990364,-48.90730359,18.303305,1.30630491
1.88291E+13,176.5231251,-48.8993869,18.81348,1.01604069
1.88334E+13,176.5136795,-48.89843168,16.850706,0.869625135
1.92114E+13,176.4483526,-48.88063244,15.887926,0.369343801
1.92758E+13,176.5279276,-48.85562163,20.330523,0.366343488
1.92758E+13,176.5278792,-48.84985258,18.628433,1.240224749
1.94476E+13,176.5106924,-48.84149151,19.031052,0.694777241
1.94519E+13,176.5077861,-48.84310508,15.268296,0.62963535
1.9482E+13,176.506487,-48.82373089,20.793167,2.82256509
1.95206E+13,176.4714325,-48.8665473,15.119571,0.811850332
1.96194E+13,176.4623458,-48.86201438,19.236643,1.461487578
1.96194E+13,176.4512357,-48.86370687,20.56055,1.884944973
1.96194E+13,176.4592206,-48.85829768,20.559212,1.717374183
1.96881E+13,176.4783327,-48.82984493,19.935184,0.148426628
1.97268E+13,176.4561016,-48.8380558,15.265607,4.52740948
2.00317E+13,176.6004363,-48.7547759,19.56174,0.716137016
2.02035E+13,176.5698393,-48.77205256,18.152761,1.756804034
2.02078E+13,176.5652685,-48.77357983,16.847597,0.287226763
2.0341E+13,176.6178622,-48.74769974,19.791754,0.264562618
2.0444E+13,176.6068022,-48.73684599,18.700117,0.57060705
2.05128E+13,176.622778,-48.70369664,20.15373,0.962188493
2.06889E+13,176.5472451,-48.75243967,19.282045,0.244807397
2.07876E+13,176.5766596,-48.70817883,19.357212,0.8202694
2.08907E+13,176.5186093,-48.8141278,18.768126,3.851560561
2.13073E+13,176.4883489,-48.78106645,16.397844,0.573669088
2.13374E+13,176.4940117,-48.76506844,18.69972,3.567051495
2.13718E+13,176.4573335,-48.78548706,20.10339,2.380675292
2.15092E+13,176.5114882,-48.75989408,19.045397,0.795083687
2.17884E+13,176.4661348,-48.76034803,14.346959,1.256873382
2.17884E+13,176.46462,-48.76279355,12.96874,2.179118474
2.18184E+13,176.4661512,-48.74271881,17.879084,0.105325805
2.19902E+13,176.426963,-48.92550169,20.603737,0.335251033
2.20289E+13,176.4371433,-48.90990032,19.68652,0.162032264
2.21277E+13,176.4296755,-48.90001843,18.80459,2.545819589
2.2162E+13,176.4392431,-48.88246324,19.133093,0.230642757
2.22995E+13,176.3782017,-48.91616446,20.662973,1.788371917
2.24713E+13,176.3712182,-48.90726188,18.492502,1.966157759
2.25056E+13,176.3618541,-48.89429527,19.015398,1.225603906
2.25743E+13,176.4344368,-48.85947914,20.528046,0.446185255
2.26087E+13,176.4103045,-48.87808368,20.53428,1.467978505
2.27461E+13,176.4067327,-48.83916003,19.759798,1.504870493
2.27805E+13,176.4176644,-48.83530904,19.218422,0.085024907
2.28149E+13,176.3890423,-48.88195133,18.244738,1.394891582
2.28492E+13,176.4025665,-48.85342424,18.828028,0.290030633
2.28492E+13,176.3933892,-48.85392439,20.228563,0.720175958
2.28535E+13,176.4014175,-48.85562157,20.00249,0.902685957
2.2991E+13,176.3991817,-48.83439252,14.405825,1.914079023
2.30253E+13,176.360134,-48.85047679,16.331987,0.39594966
2.30897E+13,176.3403858,-48.93834024,19.759796,1.265830227
2.33002E+13,176.3250827,-48.9032299,18.547283,5.191678426
2.34677E+13,176.2776054,-48.93148134,18.923857,0.232975453
2.35708E+13,176.2817651,-48.90860654,18.516527,0.26651782
2.35708E+13,176.2719617,-48.90906966,18.76739,0.535298863
2.36094E+13,176.2895047,-48.8996659,16.60363,0.549020593
2.37082E+13,176.318503,-48.88390156,20.314657,0.839783392
2.37469E+13,176.3233807,-48.8583821,16.538525,0.720744144
2.38113E+13,176.3563979,-48.83773752,16.890995,1.414524679
2.388E+13,176.3356172,-48.84147047,19.950598,1.165592656
2.40518E+13,176.2987847,-48.85636068,19.51236,0.383441349
2.40518E+13,176.3028469,-48.84825669,20.462078,2.557572742
2.40905E+13,176.3174602,-48.83347787,17.415257,0.80962508
2.41248E+13,176.2749849,-48.85032614,16.699455,1.713184755
2.41936E+13,176.4426569,-48.81993805,20.157434,0.826737291
2.42279E+13,176.4494989,-48.79348476,19.30955,2.002166338
2.42279E+13,176.4498641,-48.79558112,18.379196,0.905824245
2.43954E+13,176.4191682,-48.78128961,19.939833,2.995635879
2.44341E+13,176.4141964,-48.77520106,17.689728,1.055254409
2.44341E+13,176.4143113,-48.77858296,13.81266,1.126924175
2.44641E+13,176.4020442,-48.82170589,19.20783,0.521942315
2.44641E+13,176.3981237,-48.82418364,20.24765,2.278299289
2.44985E+13,176.3902764,-48.79654066,17.842936,0.032004737
2.44985E+13,176.3913079,-48.80623977,20.72393,1.830774491
2.50482E+13,176.4029241,-48.74686054,18.79371,0.937367238
2.51556E+13,176.4020932,-48.72977913,17.690277,0.20252843
2.51857E+13,176.4052003,-48.71887143,20.62641,0.835667471
2.522E+13,176.3815432,-48.73932614,17.751997,2.678059433
2.52544E+13,176.3957763,-48.71695097,17.68194,0.152695588
2.53575E+13,176.3333271,-48.81943437,18.475216,0.310885736
2.53575E+13,176.3233629,-48.82842764,19.866468,1.403159683
2.53618E+13,176.3258321,-48.82653148,14.897777,5.140984147
2.56324E+13,176.2896998,-48.82194262,16.540918,0.348686801
2.58042E+13,176.2903732,-48.77499248,19.772112,1.403086389
2.58385E+13,176.3498171,-48.76197985,18.769085,0.400370784
2.59416E+13,176.3477262,-48.74997643,19.016516,2.225707659
2.59803E+13,176.3693362,-48.73207567,11.724028,1.987432343
2.6049E+13,176.3497878,-48.73218868,16.905231,0.932746949
2.62165E+13,176.2913795,-48.75370776,19.2777,0.2774715
2.62852E+13,176.3133942,-48.72623004,18.732052,0.381296037
2.62852E+13,176.3305324,-48.72233337,20.116283,0.468227643
2.66288E+13,176.6159531,-48.6479484,19.494108,0.99080224
2.67362E+13,176.5691739,-48.69889072,16.030119,1.64768225
2.67662E+13,176.5675621,-48.67345021,20.542387,1.230294528
2.6835E+13,176.5892784,-48.65109296,10.0179405,5.953793762
2.6938E+13,176.622949,-48.63217998,18.810005,0.391081493
2.70068E+13,176.6015855,-48.63209536,19.212254,0.65845664
2.70111E+13,176.6166094,-48.63638348,17.030876,0.150970961
2.71485E+13,176.6098588,-48.60929231,15.099422,2.277207671
2.72129E+13,176.5867984,-48.63577827,18.089598,1.204665459
2.72816E+13,176.5658012,-48.63331053,16.907125,0.425954952
2.72816E+13,176.556709,-48.63866556,20.474085,0.162043644
2.7316E+13,176.5601501,-48.62828807,20.053986,0.288930302
2.73847E+13,176.5813368,-48.59688794,19.578989,0.752113812
2.74878E+13,176.5424841,-48.68952321,18.879879,0.234442902
2.75222E+13,176.5408065,-48.68085996,16.394306,0.829109069
2.75222E+13,176.5402951,-48.67742827,18.959099,0.380147217
2.76252E+13,176.5388957,-48.66718735,17.066343,0.286153309
2.76939E+13,176.5260113,-48.67093328,20.048662,0.920764371
2.7797E+13,176.5044657,-48.68309364,20.178772,0.718355219
2.78657E+13,176.468449,-48.6869131,20.305819,2.424263039
2.79345E+13,176.5093342,-48.6553222,18.711315,0.10198377
2.80719E+13,176.5379009,-48.62935059,19.457878,1.129935578
2.80762E+13,176.5368499,-48.62745259,16.215115,0.634318694
2.82093E+13,176.5521943,-48.58746816,17.060104,0.19393206
2.82437E+13,176.5337207,-48.60338282,20.381721,1.456076297
2.8248E+13,176.5223361,-48.61285746,15.637931,1.281026448
2.82781E+13,176.5241148,-48.60015123,17.266638,0.24316686
2.83124E+13,176.497255,-48.63423427,18.65201,0.063893839
2.83468E+13,176.5083686,-48.62213868,19.784729,1.236002311
2.85186E+13,176.4854715,-48.61284951,20.319134,0.740659376
2.86904E+13,176.6224891,-48.56646809,20.432573,2.120478922
2.89352E+13,176.5636001,-48.58019253,17.384813,0.812836461
2.89653E+13,176.5633517,-48.569017,17.751652,1.495235219
2.89996E+13,176.6058608,-48.54750825,20.711988,2.032877075
2.90383E+13,176.601963,-48.53056617,16.773876,1.580234312
2.90683E+13,176.5782243,-48.5460937,19.086317,0.580515985
2.91371E+13,176.6352046,-48.52024563,18.94077,1.651557105
2.92058E+13,176.6243085,-48.52074388,19.542513,1.43763322
2.92788E+13,176.6365513,-48.48667993,12.472704,1.321661602
2.93432E+13,176.6181612,-48.48368117,19.023312,2.030353736
2.94807E+13,176.5747932,-48.51688316,20.090841,1.349489582
2.9485E+13,176.5842901,-48.52407071,19.904152,1.706745264
2.96181E+13,176.5743297,-48.49049982,17.636627,2.248079236
2.96224E+13,176.5857299,-48.49404468,14.526101,3.544807284
2.96525E+13,176.5787399,-48.47068778,17.711603,0.570393445
2.96868E+13,176.5597088,-48.57249415,17.197649,1.534754949
2.98243E+13,176.5574926,-48.54521909,20.172832,0.804678543
2.98586E+13,176.5655824,-48.5308147,17.316916,0.294323588
2.9893E+13,176.5254816,-48.55659447,19.440613,1.864866843
2.99961E+13,176.507511,-48.56536654,19.171738,1.453954202
3.00304E+13,176.4942249,-48.58590454,17.571232,0.260898727
3.00304E+13,176.4944524,-48.57699553,19.224394,0.212236379
3.00347E+13,176.4756559,-48.58997414,14.038215,1.019636336
3.00991E+13,176.5027125,-48.5478771,19.284664,0.526526531
3.01034E+13,176.513112,-48.54916808,17.436941,2.817155981
3.03439E+13,176.5423746,-48.50269317,9.899,1.120139134
3.0374E+13,176.5510469,-48.49060214,17.663551,1.850368986
3.05802E+13,176.5013287,-48.51847602,17.898233,0.32781581
3.06489E+13,176.5198352,-48.49341252,20.484077,2.87099052
3.06832E+13,176.5248212,-48.4825401,18.046072,1.513632292
3.07176E+13,176.4965136,-48.50305205,19.135946,1.498059672
3.08207E+13,176.4509362,-48.68769332,20.036978,0.051406426
3.0855E+13,176.4260755,-48.69574403,20.004457,1.352397856
3.08894E+13,176.4254053,-48.68535909,19.27008,1.472443355
3.08894E+13,176.4217562,-48.68370658,19.713486,0.611156896
3.10268E+13,176.4286117,-48.66369775,18.939943,1.214571249
3.10268E+13,176.4393207,-48.65524738,20.237946,0.212479292
3.10956E+13,176.4009275,-48.69133367,20.280252,0.126909352
3.11299E+13,176.3957071,-48.70377883,19.94143,0.720454517
3.11299E+13,176.3842966,-48.70857664,20.325459,0.479145936
3.1233E+13,176.4231465,-48.66536496,18.471264,2.764463885
3.12674E+13,176.3909923,-48.67090966,18.584211,1.299940246
3.12717E+13,176.3880144,-48.67133494,18.696404,1.338227395
3.13017E+13,176.3909664,-48.66345914,20.380196,0.391438085
3.13017E+13,176.3970052,-48.65364571,19.483604,0.779030203
3.13361E+13,176.4626959,-48.64215486,20.193403,1.919185666
3.13704E+13,176.4642901,-48.62097181,18.288242,0.799652176
3.13704E+13,176.4498187,-48.62411219,19.220793,0.431096208
3.14048E+13,176.4297932,-48.65015341,20.288654,0.340899398
3.1611E+13,176.4054117,-48.64790668,19.36828,1.589387499
3.16797E+13,176.4001713,-48.64164421,18.75572,1.010796362
3.17183E+13,176.3981787,-48.63044346,19.780272,1.243194964
3.17484E+13,176.4113381,-48.62248058,15.90693,0.913952102
3.18171E+13,176.4065369,-48.61483918,18.768148,1.832715205
3.18171E+13,176.3940141,-48.61755243,19.059755,0.4355664
3.18901E+13,176.3667223,-48.71146165,15.20826,1.199192058
3.19245E+13,176.369001,-48.69647899,16.730787,0.394299968
3.19546E+13,176.340989,-48.70165435,19.236053,0.929543492
3.19546E+13,176.3354253,-48.70422061,19.926126,2.537861748
3.19589E+13,176.3499422,-48.71276272,15.489061,8.719777712
3.2092E+13,176.3499421,-48.68254496,20.148563,0.01339127
3.20963E+13,176.3410153,-48.68415869,15.759908,0.115109554
3.21264E+13,176.3471483,-48.66334032,19.41116,0.33751718
3.24055E+13,176.3064543,-48.66469654,19.363346,0.352410045
3.25387E+13,176.3434946,-48.63017944,15.330818,1.95647857
3.26117E+13,176.3712104,-48.60404834,16.11808,0.849767427
3.26761E+13,176.3585911,-48.60303756,19.96907,2.350918822
3.27105E+13,176.3234929,-48.64695681,20.497192,1.764399358
3.27448E+13,176.3363304,-48.63865346,17.624256,0.383700592
3.27448E+13,176.3207481,-48.63534705,20.213156,1.566954457
3.28479E+13,176.3351368,-48.62664915,19.033333,1.928009521
3.30197E+13,176.4659072,-48.56679567,19.251183,0.198238158
3.31915E+13,176.434757,-48.56268695,18.205305,1.034278367
3.32645E+13,176.4191154,-48.59118745,9.887423,1.402973874
3.33289E+13,176.4060872,-48.58311698,18.267248,0.840514514
3.36038E+13,176.4551419,-48.5347107,19.911596,1.617105689
3.37069E+13,176.4743181,-48.47891775,18.580967,1.746432631
3.37112E+13,176.4732588,-48.48010926,14.064689,1.617678627
3.37799E+13,176.459427,-48.48777899,14.988769,0.870282576
3.39131E+13,176.4117289,-48.52305782,18.53254,0.296707983
3.39131E+13,176.4145599,-48.5187134,18.624502,0.829360819
3.41536E+13,176.349786,-48.59641396,19.632986,1.806557591
3.4291E+13,176.3586567,-48.5589833,19.160978,7.836522356
3.43254E+13,176.3495486,-48.54685267,20.538923,0.679071034
3.43597E+13,176.3350151,-48.59663241,19.583107,2.397605529
3.43597E+13,176.334267,-48.59027104,20.318384,5.186104186
3.46389E+13,176.3762016,-48.53274237,17.06949,0.286087219
3.49095E+13,176.3304662,-48.53485614,19.03404,0.605363144
3.50169E+13,176.3204128,-48.51713976,15.985419,0.698865051
3.51157E+13,176.3195325,-48.50375679,18.863981,0.53720175
3.515E+13,176.3132122,-48.48967129,19.136843,0.527752956
3.5223E+13,177.0054002,-48.41449446,16.004587,1.533319756
3.52875E+13,176.9824951,-48.42538099,16.948803,0.379649832
3.52917E+13,176.9849611,-48.42460609,14.024188,3.037289281
3.53948E+13,176.984855,-48.41304632,15.0701475,1.803890915
3.54249E+13,176.9668864,-48.40035473,17.671406,0.523074543
3.54593E+13,176.9451026,-48.43981712,20.768923,3.105376586
3.5528E+13,176.9358757,-48.43784731,20.596453,0.064299181
3.55323E+13,176.9202846,-48.43878848,20.066301,0.297636876
3.55967E+13,176.9593103,-48.40632577,12.701134,1.221710588
3.56353E+13,176.9461883,-48.4009841,20.303537,0.304350903
3.56654E+13,176.9347286,-48.41318749,17.973574,0.51410014
3.57728E+13,177.0026206,-48.36622565,16.384365,0.644519031
3.58415E+13,176.9694203,-48.36881531,19.942554,2.335300722
3.60777E+13,176.9386138,-48.37695394,17.88927,1.655966765
3.62152E+13,176.9448924,-48.35316562,19.376602,0.908013703
3.62495E+13,176.9359405,-48.33608971,19.112478,0.243450409
3.62839E+13,176.9051899,-48.44420593,17.750437,1.56721612
3.63569E+13,176.8785554,-48.45046925,16.479822,1.51298609
3.65588E+13,176.8730865,-48.44914129,18.080471,2.530491494
3.65931E+13,176.8728176,-48.42494395,18.39188,0.393403571
3.66661E+13,176.8467652,-48.43850351,17.33167,0.861969234
3.67993E+13,176.8437038,-48.40667706,19.073906,1.243618119
3.68036E+13,176.837265,-48.4019425,20.61454,2.153136538
3.68036E+13,176.8523644,-48.40866874,15.909903,0.463870227
3.68336E+13,176.918187,-48.38384112,19.239742,0.427453881
3.71429E+13,176.8692713,-48.37619155,19.863796,0.734903665
3.71429E+13,176.8659713,-48.36909588,19.766876,2.485127626
3.72116E+13,176.8472817,-48.37561281,19.220217,0.000150076
3.72116E+13,176.8597762,-48.37917678,20.402843,5.068989097
3.7319E+13,176.8479076,-48.35827224,13.810619,1.427621732
3.74865E+13,176.9837578,-48.30920983,18.692009,0.452568219
3.7727E+13,176.9467543,-48.32877588,19.061546,0.628425797
3.79718E+13,177.0144683,-48.24453726,14.178606,1.116465334
3.80706E+13,177.0196506,-48.22859961,17.18354,2.301186292
3.81737E+13,177.0027153,-48.2176234,17.535912,1.634392837
3.82424E+13,176.9783387,-48.25103252,18.338367,0.749544593
3.83498E+13,176.9788493,-48.23587783,15.268802,2.114796372
3.84485E+13,176.9595509,-48.2254059,18.313862,0.02674952
3.85903E+13,176.9024909,-48.30700109,15.113282,1.395166593
3.86547E+13,176.927936,-48.28107826,19.79961,1.492095971
3.86934E+13,176.8959831,-48.29456846,13.818121,1.115892335
3.86934E+13,176.8966981,-48.29630095,13.598927,1.102377793
3.87277E+13,176.8950265,-48.28716346,20.147547,0.256481039
3.87964E+13,176.8875157,-48.31551976,16.44632,0.964358915
3.88308E+13,176.8631633,-48.32907078,15.471488,0.892877525
3.89296E+13,176.8729802,-48.29338464,18.962519,0.316939886
3.91357E+13,176.9012697,-48.25922922,20.536264,2.174142815
3.92732E+13,176.8971474,-48.2273865,20.558073,1.507191617
3.95137E+13,176.8703201,-48.24918348,19.56352,0.952157353
3.96898E+13,176.8053838,-48.42785319,17.083694,2.04604255
3.97542E+13,176.831896,-48.39809618,19.119204,0.759371742
3.99947E+13,176.7909027,-48.4253364,20.093042,1.165504481
4.00635E+13,176.7608701,-48.42894177,20.024767,7.779464887
4.02395E+13,176.8025052,-48.38093537,17.596016,1.497714948
4.02696E+13,176.8280882,-48.36133068,20.818598,0.338063679
4.03083E+13,176.8309181,-48.3483517,16.245092,3.962342714
4.03383E+13,176.8108808,-48.35855488,19.166273,0.734203133
4.05101E+13,176.7646943,-48.38466734,19.034195,0.862712244
4.05101E+13,176.7648514,-48.38339184,19.32396,0.126455355
4.05445E+13,176.7776225,-48.36950946,19.539751,0.148268422
4.05445E+13,176.795615,-48.35645441,17.455889,0.48519812
4.05445E+13,176.7790262,-48.36617111,18.445848,1.158541861
4.06132E+13,176.7579714,-48.3593878,17.834187,0.53359457
4.06132E+13,176.7651904,-48.35958687,20.3395,1.551097548
4.06819E+13,176.737889,-48.45150996,17.034966,0.697798016
4.06819E+13,176.7379922,-48.44664056,18.641748,0.132378601
4.09912E+13,176.6874888,-48.44155699,20.02306,2.08876827
4.10255E+13,176.6667709,-48.45273339,20.518858,1.241803024
4.10255E+13,176.6606083,-48.45405033,20.583757,1.441850613
4.10599E+13,176.6794972,-48.44425532,20.151407,1.504634183
4.10642E+13,176.673419,-48.44868864,14.157319,1.580584217
4.10985E+13,176.6990963,-48.426131,16.464996,1.739884733
4.11286E+13,176.6894185,-48.4144262,20.600567,0.799100445
4.12317E+13,176.750825,-48.39838635,18.91684,2.241914976
4.1266E+13,176.7468541,-48.37692726,20.461807,0.120113932
4.13391E+13,176.7195261,-48.38977405,16.968325,0.408078749
4.14378E+13,176.7128538,-48.37371069,19.87022,0.422811518
4.14421E+13,176.7158144,-48.36165733,16.10282,0.981227122
4.14765E+13,176.7269389,-48.35462911,15.17705,1.538043135
4.15409E+13,176.7070844,-48.37973901,19.443836,2.880221688
4.17514E+13,176.6815575,-48.3512611,16.815907,2.529548852
4.17514E+13,176.6721007,-48.35433595,17.748514,0.51224386
4.17814E+13,176.8435708,-48.32668059,19.907152,2.040678939
4.18502E+13,176.8169631,-48.33490794,19.841108,4.834408281
4.18888E+13,176.8035863,-48.31633439,16.967274,0.781378764
4.18888E+13,176.8147553,-48.32125706,16.459179,11.02852376
4.19876E+13,176.8168867,-48.29836474,18.805882,0.985558191
4.20606E+13,176.7855292,-48.33180947,19.835455,0.563661625
4.2125E+13,176.7649221,-48.34140135,18.760557,1.137951235
4.21594E+13,176.770399,-48.32105622,18.974506,0.745985407
4.22281E+13,176.7973423,-48.29776845,17.168264,0.478804377
4.23355E+13,176.8427121,-48.27648939,13.546184,1.696934687
4.24042E+13,176.8060577,-48.28245475,16.36841,1.90260357
4.25374E+13,176.8131319,-48.25011753,19.26511,0.600504906
4.25717E+13,176.8135241,-48.23256227,19.386051,0.261034169
4.25717E+13,176.8221145,-48.22673487,20.094763,0.718235203
4.2576E+13,176.8127135,-48.23774322,17.919867,0.997738028
4.26061E+13,176.7850956,-48.28099266,20.74829,0.460514534
4.27135E+13,176.7673072,-48.27037927,18.744904,1.797377375
4.27135E+13,176.7800555,-48.26667101,15.353536,1.28269846
4.28466E+13,176.7723519,-48.24178814,19.30837,1.689407861
4.28852E+13,176.7400199,-48.33998801,20.621212,2.059151257
4.29153E+13,176.7515664,-48.31904047,17.39771,0.657450097
4.29196E+13,176.7466185,-48.32099831,12.505317,2.40495227
4.31945E+13,176.6951045,-48.32236362,16.433006,0.761687491
4.32288E+13,176.690487,-48.33930821,20.201565,1.238248574
4.32589E+13,176.6897398,-48.33044726,19.102032,2.539734131
4.33276E+13,176.7113166,-48.29548588,19.195637,0.829853408
4.33319E+13,176.7119882,-48.3007494,16.474705,1.448833049
4.33319E+13,176.7036129,-48.29363711,15.592554,1.152063062
4.33663E+13,176.6836025,-48.31496017,13.071418,2.137665925
4.36412E+13,176.7429666,-48.25823536,14.029673,0.953184772
4.37099E+13,176.708363,-48.27793659,19.50691,1.775247827
4.39117E+13,176.6990777,-48.25770528,20.193169,0.764583072
4.43584E+13,176.9453124,-48.19621939,9.365663,9.558267252
4.43627E+13,176.9515169,-48.1945139,15.159739,9.547124803
4.43627E+13,176.954017,-48.19486521,14.988282,1.087309918
4.43971E+13,176.9862973,-48.17611552,20.580498,2.253251427
4.44615E+13,176.9454107,-48.18355904,19.628525,0.742267206
4.44658E+13,176.9564835,-48.17806922,18.201529,0.555003848
4.44658E+13,176.9562894,-48.17829114,18.383295,0.835415795
4.44959E+13,176.9565071,-48.16142069,20.519178,0.394761466
4.45302E+13,177.0188399,-48.15563187,20.150564,0.555197042
4.45989E+13,177.0089553,-48.15291107,19.366728,1.175798917
4.48738E+13,176.9557446,-48.15315728,18.720655,0.701664799
4.48781E+13,176.9608068,-48.14923363,16.674149,0.413534118
4.49082E+13,176.9690032,-48.13074291,19.982758,0.439558989
4.51186E+13,176.9299537,-48.19972093,16.380579,0.737865222
4.51874E+13,176.911196,-48.19321488,17.038551,0.931425756
4.52217E+13,176.9274364,-48.17696794,15.652733,0.427670212
4.52518E+13,176.9403642,-48.16706891,19.604458,0.045105137
4.53205E+13,176.9166525,-48.16435583,17.858206,1.826206034
4.53248E+13,176.9166952,-48.17169911,12.841108,2.477827556
4.53248E+13,176.9091884,-48.17566691,14.0167055,1.706848715
4.53892E+13,176.8787792,-48.20667385,19.413044,0.426912396
4.5561E+13,176.8654484,-48.19392836,19.313555,0.955296172
4.56297E+13,176.936255,-48.16045075,19.12002,0.792183192
4.56297E+13,176.9452972,-48.1532416,17.503365,3.504228414
4.56641E+13,176.945256,-48.1430616,11.605029,2.48700461
4.56684E+13,176.9305607,-48.13835079,13.708774,1.258681327
4.57328E+13,176.9105113,-48.14295637,19.653677,0.70269217
4.58058E+13,176.9369734,-48.11060058,16.611994,0.463714096
4.6042E+13,176.9047132,-48.13188257,18.853064,0.533171454
4.60463E+13,176.8881967,-48.12583996,15.94292,1.465122663
4.61108E+13,176.8831595,-48.12532059,19.583765,0.706516477
4.61151E+13,176.8672785,-48.12332181,15.619401,1.804300143
4.62482E+13,177.0026557,-48.09532362,19.816162,0.225976532
4.64243E+13,177.005835,-48.0519842,20.460926,0.77567331
4.65574E+13,176.9717243,-48.07363688,18.108578,1.139472101
4.66262E+13,176.9922316,-48.04622626,20.492662,1.302931814
4.66605E+13,176.9623481,-48.06242784,18.297659,0.156930882
4.66648E+13,176.9722329,-48.06401847,15.600054,0.774000203
4.67636E+13,177.0425629,-48.02373781,19.93179,2.495183808
4.6798E+13,177.0038083,-48.03118423,18.638777,1.102026721
4.68023E+13,177.0154818,-48.03835615,17.673578,0.389731889
4.68323E+13,177.0023824,-48.01734634,19.188427,1.088013768
4.69698E+13,177.0109895,-47.99728379,19.684032,0.890046073
4.69741E+13,177.013968,-47.99686528,16.023127,1.760945541
4.70385E+13,176.9862768,-48.02042091,19.339094,1.312575963
4.70385E+13,176.9801556,-48.02221681,17.894636,1.234556948
4.72446E+13,176.9794863,-47.98753662,20.069288,1.54296603
4.72833E+13,176.9496545,-48.10268979,16.606236,0.506247357
4.74164E+13,176.9378588,-48.06967493,17.298481,0.370967701
4.76226E+13,176.8705213,-48.10390501,19.12058,0.607496246
4.76956E+13,176.8924194,-48.06800946,20.712004,1.359077151
4.80349E+13,176.9339582,-48.01286091,20.539629,1.995431545
4.81423E+13,176.8956516,-48.03482811,15.786614,0.983627582
4.83442E+13,176.8819968,-47.99841405,16.35324,0.703345444
4.83484E+13,176.881776,-47.9977311,13.968885,0.965817083
4.8589E+13,176.8284662,-48.19093455,16.591154,0.111731541
4.86877E+13,176.7987273,-48.20261237,18.2272,0.601615862
4.87565E+13,176.7817044,-48.2133037,20.04532,3.05825046
4.89669E+13,176.8591376,-48.13992199,16.84122,0.422556602
4.90013E+13,176.8194204,-48.16853931,13.874384,0.948748191
4.90657E+13,176.8537381,-48.13119341,18.964169,0.850464509
4.91344E+13,176.8266665,-48.12970325,17.188951,2.610571978
4.91344E+13,176.8216645,-48.13960962,20.15645,0.055278056
4.92418E+13,176.806078,-48.14654569,20.45118,0.840794367
4.92762E+13,176.7910399,-48.16353103,20.147608,1.55000685
4.94136E+13,176.7819067,-48.13049159,14.710934,1.190091341
4.94437E+13,176.7949743,-48.1208264,20.106182,0.488058332
4.94437E+13,176.7797278,-48.11880586,20.224548,1.356396812
4.9478E+13,176.7644874,-48.21716651,19.402304,1.321159593
4.95467E+13,176.7351946,-48.2215818,20.243223,1.388751966
4.96155E+13,176.7554413,-48.19364,18.614435,5.908074983
4.96541E+13,176.7709059,-48.17238306,17.658398,1.698290772
4.96842E+13,176.7359027,-48.19663548,17.543238,0.485602222
4.97185E+13,176.7320007,-48.18133115,13.886011,2.013955106
4.97529E+13,176.7074832,-48.22841159,18.755571,3.085898692
4.97572E+13,176.7185367,-48.23247967,20.085651,1.336494996
4.99247E+13,176.716555,-48.18223787,19.010681,1.102888624
5.00278E+13,176.7526507,-48.1736243,20.633036,0.623374296
5.00664E+13,176.773881,-48.1476181,15.519204,0.763756264
5.02339E+13,176.7431996,-48.13499708,18.25791,0.322022886
5.02382E+13,176.7439655,-48.14317825,19.575914,0.943045896
5.02683E+13,176.7474096,-48.11670077,18.872044,0.812740956
5.03413E+13,176.7177088,-48.15168439,19.826857,0.165475173
5.04057E+13,176.7063606,-48.15179446,19.559546,2.365255508
5.07193E+13,176.8529004,-48.07699094,16.676012,2.963311965
5.08567E+13,176.8047772,-48.10979919,20.538124,2.652054965
5.09555E+13,176.7907896,-48.09229273,18.872541,3.7651255
5.11273E+13,176.8571332,-48.04660078,20.415436,0.772775633
5.12647E+13,176.8684176,-48.00947794,19.580296,0.307302096
5.12991E+13,176.8568461,-47.9983874,15.770729,0.560341108
5.13721E+13,176.8340854,-48.00601939,15.110422,0.48000015
5.13721E+13,176.8451789,-48.00899609,15.874609,0.992780939
5.14022E+13,176.8092012,-48.05450054,20.819475,1.921471215
5.14065E+13,176.8073813,-48.0518409,17.436869,0.455008318
5.14065E+13,176.8287655,-48.03984633,17.682358,0.461848269
5.14365E+13,176.8294886,-48.03643923,19.030657,1.042944213
5.16427E+13,176.7901142,-48.00410571,20.38888,0.901091822
5.1647E+13,176.801956,-48.00312865,14.570078,2.95565757
5.1677E+13,176.7595191,-48.1092103,19.061728,0.938049684
5.17114E+13,176.7609583,-48.10045599,19.318026,0.920972253
5.17458E+13,176.739677,-48.11295182,17.21571,0.774753269
5.17501E+13,176.7399644,-48.11151998,11.344228,5.03633128
5.19863E+13,176.7270369,-48.09241541,19.30947,0.648022331
5.19863E+13,176.7298955,-48.09325821,20.127075,0.77842111
5.20894E+13,176.721788,-48.07892904,20.220459,0.668925459
5.20937E+13,176.7365279,-48.08850637,14.716346,0.957222687
5.21237E+13,176.7376388,-48.07325497,18.746649,0.463734078
5.21581E+13,176.7058078,-48.08077278,18.48129,2.332288458
5.21624E+13,176.7018048,-48.08333875,16.750673,1.640997868
5.22612E+13,176.7690438,-48.03853909,18.921694,0.965972475
5.22612E+13,176.7697228,-48.03787715,19.771595,1.293001721
5.22998E+13,176.7580947,-48.04491047,20.501945,1.045456562
5.24673E+13,176.7575008,-48.01577953,20.44222,2.272932186
5.26048E+13,176.7119448,-48.03878641,19.086443,0.169513338
5.28109E+13,176.6491566,-48.44334086,20.196146,0.77500654
5.28453E+13,176.6298725,-48.4647344,19.115618,0.642831314
5.28453E+13,176.6316644,-48.46029755,18.535498,3.338922168
5.2914E+13,176.6462815,-48.43513202,18.968246,0.382844214
5.29484E+13,176.655406,-48.4176384,18.886944,1.146516193
5.30171E+13,176.6283501,-48.41486887,18.129602,0.768506893
5.3292E+13,176.5871302,-48.41322352,20.729269,1.655491353
5.3292E+13,176.5852549,-48.41677423,20.500868,1.506641377
5.32962E+13,176.5915279,-48.42447596,19.558788,0.81670448
5.33263E+13,176.6587018,-48.40291691,17.694605,0.410419623
5.3395E+13,176.6353159,-48.39589503,16.68364,2.491499148
5.34294E+13,176.6310751,-48.38964479,19.86887,1.751175985
5.37043E+13,176.6022774,-48.38503053,19.543787,0.426860574
5.37043E+13,176.5910839,-48.39526007,20.133007,1.644209273
5.37386E+13,176.6185722,-48.3758231,19.93741,0.6705001
5.37773E+13,176.6089078,-48.36239102,16.408194,0.272667703
5.38417E+13,176.5959564,-48.36663145,18.955885,1.480328138
5.38417E+13,176.6010109,-48.3560367,18.870535,1.975401471
5.39104E+13,176.5725289,-48.44869917,18.578728,0.48621293
5.39104E+13,176.5664089,-48.45638697,20.177351,0.983872311
5.39791E+13,176.5494851,-48.45525935,19.042664,2.456923788
5.39834E+13,176.5528803,-48.44556624,14.56304,0.934464637
5.40479E+13,176.5622565,-48.41938865,18.871185,3.347316421
5.40479E+13,176.5771342,-48.42275901,20.244148,1.404027924
5.41552E+13,176.5236288,-48.46946043,15.109212,3.752694816
5.41853E+13,176.5105605,-48.44746488,17.145893,0.029561827
5.42197E+13,176.5062696,-48.4719362,19.730867,1.484994515
5.42197E+13,176.5086513,-48.46297152,20.599304,0.490471589
5.4224E+13,176.495226,-48.47163851,19.721329,1.38465001
5.4254E+13,176.5086785,-48.45419441,19.210737,0.312354622
5.42583E+13,176.4976935,-48.45250885,16.012856,1.624206532
5.45289E+13,176.5532166,-48.39935143,18.86396,0.47741019
5.45332E+13,176.5564723,-48.39187593,18.795975,1.361275783
5.45633E+13,176.5689862,-48.38448697,19.463701,2.861323643
5.45633E+13,176.5709453,-48.37590861,20.765478,0.58030296
5.46663E+13,176.559049,-48.36842072,19.104795,0.77973613
5.46663E+13,176.5516014,-48.360004,19.907444,1.204361892
5.46663E+13,176.543489,-48.3587421,20.718895,0.62221681
5.47351E+13,176.535933,-48.38924137,19.555046,0.474663281
5.47351E+13,176.5167487,-48.40216555,19.68499,0.674144864
5.47737E+13,176.5083992,-48.41507481,17.114788,2.318799715
5.48038E+13,176.501298,-48.39590844,16.27964,1.196545413
5.5083E+13,176.6366657,-48.33263474,16.241825,1.291639273
5.51173E+13,176.6533432,-48.31165446,15.052021,2.249110653
5.52505E+13,176.6146014,-48.34806747,20.223545,0.900293546
5.52548E+13,176.6103707,-48.34415361,16.876928,0.784079283
5.55296E+13,176.668007,-48.29004601,18.20594,2.97689149
5.56327E+13,176.6403048,-48.27516297,17.034092,0.42276532
5.57014E+13,176.6806337,-48.24038698,15.584697,0.705622107
5.57358E+13,176.6584566,-48.25151539,13.720588,1.50662142
5.57659E+13,176.6528881,-48.24384433,19.284218,0.685814145
5.58346E+13,176.6167671,-48.28212092,17.048704,0.398514132
5.59076E+13,176.5989305,-48.27685214,15.764267,2.407193283
5.60751E+13,176.5677759,-48.34585898,17.877436,0.308666849
5.61095E+13,176.578461,-48.32975944,19.002207,2.579415039
5.61825E+13,176.5486595,-48.33449343,13.8248,1.577586095
5.62469E+13,176.575323,-48.30624753,19.4025,0.77285666
5.62813E+13,176.5638285,-48.31757345,19.20813,0.368729709
5.62813E+13,176.5507566,-48.31566262,19.25686,1.096485337
5.63886E+13,176.5338316,-48.33764757,18.059864,0.612430372
5.63886E+13,176.5350332,-48.33817683,20.10324,0.977266614
5.64531E+13,176.5119671,-48.34551862,20.298649,0.338659517
5.65948E+13,176.5169842,-48.31616324,16.318497,0.573460325
5.67322E+13,176.5701335,-48.27528531,13.948764,2.572211944
5.67966E+13,176.5787882,-48.25029306,19.375805,0.316610802
5.68009E+13,176.5848995,-48.25544739,15.82886,1.17619624
5.69341E+13,176.543798,-48.27283058,20.933372,6.325635196
5.69384E+13,176.5471209,-48.28644825,18.33612,0.472390637
5.69684E+13,176.5252855,-48.29712597,18.518803,2.650976644
5.69727E+13,176.5189936,-48.29347022,20.46535,1.181788962
5.70415E+13,176.5352925,-48.26148589,19.09863,1.986335523
5.72433E+13,176.4597779,-48.47535327,18.625317,2.544664594
5.72433E+13,176.4523631,-48.47287206,18.556835,2.443742536
5.72777E+13,176.4465687,-48.45262283,18.469536,1.102201425
5.73851E+13,176.4550044,-48.44451174,14.445218,2.243069408
5.74151E+13,176.4547805,-48.43371334,18.982157,0.998800767
5.75526E+13,176.4153644,-48.45696945,20.362383,1.567384675
5.78661E+13,176.4919577,-48.38742607,15.686525,0.458006722
5.78962E+13,176.4957397,-48.37137161,18.212292,1.558387295
5.78962E+13,176.4910752,-48.36927144,19.701456,1.289956536
5.79992E+13,176.4415082,-48.41882336,19.91171,2.350742576
5.83772E+13,176.3714016,-48.45540495,19.868444,1.016705512
5.84459E+13,176.3961332,-48.42691796,19.867075,0.028730946
5.86521E+13,176.3291878,-48.46503109,17.772724,0.364419713
5.86564E+13,176.3327317,-48.4580788,17.999746,2.218630729
5.87594E+13,176.3275027,-48.44872889,18.026735,0.078143612
5.88282E+13,176.3920054,-48.42208607,19.94822,1.04025705
5.88926E+13,176.365602,-48.42619552,19.139742,0.4446505
5.89613E+13,176.4030386,-48.39278588,20.50984,1.578083694
5.89613E+13,176.4004782,-48.38986383,19.429998,0.529047777
5.89957E+13,176.4078462,-48.37383375,18.478868,0.072374531
5.90644E+13,176.3708109,-48.3786974,19.552992,0.675950145
5.91331E+13,176.3440061,-48.41084289,20.150774,0.139473648
5.92061E+13,176.3350787,-48.40585316,20.179768,0.847719873
5.92362E+13,176.3574015,-48.38452123,19.812527,0.348131915
5.92362E+13,176.3528804,-48.38673306,17.599262,3.312836956
5.92705E+13,176.3564079,-48.38034606,18.018013,0.248628768
5.92705E+13,176.3677825,-48.3698395,15.909583,3.104434802
5.92705E+13,176.3505946,-48.37433956,18.248035,2.728669837
5.9408E+13,176.4983105,-48.34146284,18.41554,0.507175013
5.9481E+13,176.4731987,-48.33988883,15.611842,0.327320721
5.95111E+13,176.4825994,-48.32696837,18.8544,0.753046434
5.95111E+13,176.4977416,-48.32952577,20.143974,0.724742004
5.96141E+13,176.4717944,-48.30938235,19.831984,0.850649027
5.96184E+13,176.4759536,-48.3164496,19.062483,2.937204362
5.98547E+13,176.4255265,-48.33685499,15.274554,0.787528201
5.9859E+13,176.4330671,-48.32738653,16.96923,8.633099369
5.99577E+13,176.5024638,-48.28350548,17.903605,0.107902103
6.00265E+13,176.4738577,-48.27729453,18.74054,0.832480011
6.02369E+13,176.4560166,-48.28388958,17.960655,1.250401496
6.04087E+13,176.4362216,-48.27443976,18.87765,1.478681334
6.04731E+13,176.3974559,-48.3656597,20.10757,0.27832133
6.04731E+13,176.4021937,-48.36108798,18.36766,0.156632298
6.04731E+13,176.4030291,-48.35643677,20.36377,0.418735008
6.05762E+13,176.3773853,-48.34147415,18.99956,0.192114061
6.06449E+13,176.4125712,-48.31792228,19.815351,0.480213658
6.06449E+13,176.4100884,-48.31900763,20.577187,0.977937167
6.06449E+13,176.4144742,-48.30936157,20.484858,1.375529869
6.06793E+13,176.3805141,-48.33892191,18.105133,0.546221581
6.0748E+13,176.353456,-48.36747256,16.659084,0.567134213
6.07523E+13,176.3662547,-48.35891727,20.59073,0.608191
6.09885E+13,176.3479858,-48.32098262,18.434381,0.114724884
6.10916E+13,176.396691,-48.29737319,20.323095,0.584927117
6.10916E+13,176.3809671,-48.30237464,20.385141,2.872801396
6.12634E+13,176.390866,-48.26419848,20.225803,1.57612275
6.13665E+13,176.3450144,-48.30085429,17.670776,0.318570278
6.14009E+13,176.3357806,-48.29077178,18.649126,1.558397002
6.14352E+13,176.3687891,-48.27350113,20.255953,1.207276298
6.17101E+13,176.6708319,-48.20339831,20.565454,0.896745788
6.17445E+13,176.6784879,-48.19026756,19.05881,0.811860994
6.20193E+13,176.6325944,-48.19304787,20.350327,3.204920712
6.2058E+13,176.6046327,-48.20827359,14.422816,1.511962009
6.22255E+13,176.6515408,-48.16016841,20.009207,0.447143009
6.22942E+13,176.6729264,-48.13411154,18.173204,1.852155092
6.22985E+13,176.6722443,-48.12936996,15.916855,0.845000794
6.23286E+13,176.6617202,-48.13838773,20.193493,0.221230312
6.23973E+13,176.6329579,-48.17805061,20.191921,0.356102527
6.25691E+13,176.643794,-48.13139933,19.67539,0.954386111
6.25734E+13,176.6450778,-48.12781927,19.701782,0.928105548
6.26077E+13,176.610585,-48.15016968,15.436942,0.756224676
6.27065E+13,176.5824809,-48.21489582,18.192146,0.904854643
6.28139E+13,176.5964189,-48.20960306,20.42481,0.618531445
6.29513E+13,176.552935,-48.23946013,15.17002,3.687924455
6.29513E+13,176.5364275,-48.24320728,13.7978325,1.247210744
6.30201E+13,176.5281002,-48.23987258,17.391169,0.476595836
6.30845E+13,176.5421043,-48.20493237,18.604958,4.876159922
6.36729E+13,176.5550716,-48.13166603,18.574448,2.086080198
6.37717E+13,176.6859049,-48.11469051,19.776285,0.942770389
6.38103E+13,176.6836938,-48.1021351,17.334034,1.417788257
6.38748E+13,176.6616989,-48.09595089,16.721191,0.284338877
6.41153E+13,176.6225945,-48.12303648,20.109667,0.788068525
6.41153E+13,176.6080366,-48.12247487,18.846588,0.453317866
6.41496E+13,176.6206355,-48.10870226,19.47696,0.169537795
6.4257E+13,176.6320489,-48.08724976,20.70466,2.983684958
6.43214E+13,176.6807329,-48.05557169,19.494291,0.00502838
6.43257E+13,176.6811029,-48.05155803,11.555355,1.939130257
6.43902E+13,176.6684685,-48.06319923,19.859745,0.567100588
6.45276E+13,176.665238,-48.02806591,17.908281,0.946848844
6.45319E+13,176.6719338,-48.03442774,9.940959,0.74025204
6.46994E+13,176.6253753,-48.04338404,17.98764,3.094812866
6.47681E+13,176.6545333,-48.01119537,18.269627,4.314203167
6.49399E+13,176.5730786,-48.11604291,18.960733,1.098669983
6.51117E+13,176.5824111,-48.08088938,20.134289,1.378021101
6.51461E+13,176.547237,-48.11802238,17.897623,0.549657675
6.51804E+13,176.553744,-48.11472244,19.75301,0.9988452
6.52148E+13,176.5432748,-48.12130549,18.923882,0.020120604
6.52491E+13,176.5278191,-48.11594042,19.306215,0.341460561
6.52835E+13,176.5479044,-48.09076457,18.219496,1.663531949
6.53179E+13,176.5646008,-48.07458347,19.158674,2.545621859
6.5524E+13,176.586514,-48.05270175,19.886913,0.319492394
6.55584E+13,176.6028447,-48.03968298,18.545307,0.186963751
6.55584E+13,176.6109756,-48.03171785,20.226648,1.968213961
6.56314E+13,176.5814741,-48.02890383,17.352028,0.746812841
6.57302E+13,176.5612176,-48.05567574,20.663555,0.738577771
6.57345E+13,176.5643851,-48.04592285,17.737846,1.298287169
6.60738E+13,176.4888332,-48.23273108,18.497223,0.450511861
6.60738E+13,176.4720309,-48.22678755,19.10446,1.023017418
6.61081E+13,176.4947768,-48.21511848,19.234848,0.596961519
6.61081E+13,176.4938478,-48.2089739,19.228094,0.440319276
6.61081E+13,176.5090957,-48.20723393,19.435408,2.452070098
6.62456E+13,176.4578341,-48.24541959,20.656862,0.458991037
6.64517E+13,176.4371178,-48.20946971,18.225231,0.906779182
6.64517E+13,176.4407197,-48.21367957,20.247011,0.065196732
6.65205E+13,176.511689,-48.18394096,19.553452,0.397587965
6.65205E+13,176.5017137,-48.17674339,20.487244,0.307571635
6.65247E+13,176.5095405,-48.18379961,19.563152,0.373470924
6.65548E+13,176.5033489,-48.17057591,20.834793,2.321449118
6.66278E+13,176.4835655,-48.17132194,10.508797,0.500272199
6.66579E+13,176.509057,-48.15705129,19.913591,1.503045397
6.66923E+13,176.5149984,-48.14175551,17.423206,0.472322344
6.66923E+13,176.5142162,-48.1397446,17.969984,0.47769732
6.68297E+13,176.4680697,-48.17040659,20.627663,0.63579393
6.6834E+13,176.4556886,-48.17318661,19.088055,0.874995455
6.70015E+13,176.4331671,-48.16522811,20.497265,1.107418137
6.72463E+13,176.4226718,-48.2079179,13.147126,2.409015227
6.73494E+13,176.3779249,-48.24057552,16.427605,0.370981249
6.73795E+13,176.3614632,-48.23223442,19.390867,1.274075869
6.75169E+13,176.3675614,-48.20884262,20.42288,0.87306627
6.75212E+13,176.3761547,-48.20291522,16.28415,0.703193259
6.75512E+13,176.3594998,-48.21542956,18.847748,0.662162602
6.75856E+13,176.350511,-48.20080494,17.56823,0.67659524
6.76243E+13,176.4097334,-48.19246322,19.773844,0.688561964
6.76543E+13,176.4151122,-48.17478401,20.581966,0.616289593
6.76887E+13,176.4012969,-48.18637789,20.183462,0.866560001
6.77918E+13,176.4320454,-48.14561807,20.328287,0.00679995
6.77918E+13,176.4319931,-48.14012755,20.24888,2.33795931
6.82728E+13,176.4910732,-48.1076885,19.498789,1.607486225
6.84446E+13,176.4639899,-48.1214064,18.835617,0.566526895
6.8582E+13,176.4665574,-48.10077388,18.188894,0.467803135
6.87195E+13,176.5186804,-48.06273615,20.292864,0.98752634
6.87538E+13,176.5133427,-48.04951997,19.537338,3.126576474
6.89299E+13,176.5096364,-48.03401792,17.522287,1.096771784
6.896E+13,176.500487,-48.0242448,18.767923,0.552509459
6.89643E+13,176.4990728,-48.01884477,12.745422,1.711580024
6.89987E+13,176.4721506,-48.07408892,16.367582,1.245818723
6.90674E+13,176.4518709,-48.06504981,14.616652,0.713647371
6.90974E+13,176.4620487,-48.05133533,20.669092,2.40484688
6.91361E+13,176.4731457,-48.0414292,14.785282,0.89536702
6.92005E+13,176.4483751,-48.04885527,17.60936,0.06895904
6.92005E+13,176.4590794,-48.0368275,17.306292,1.516311171
6.92392E+13,176.4571574,-48.03016743,16.143387,1.551254795
6.93079E+13,176.4237983,-48.12282856,14.71235,1.600272631
6.9338E+13,176.3947831,-48.12741868,19.967829,0.881978545
6.9411E+13,176.4379004,-48.10163529,16.937292,1.455574578
6.96472E+13,176.3687589,-48.11350674,18.983143,0.261228629
6.96815E+13,176.3785081,-48.1034315,20.09471,2.126745517
6.97159E+13,176.388301,-48.08968873,19.558167,1.541079506
6.9819E+13,176.430295,-48.07340162,18.236332,2.160713945
6.98877E+13,176.4005682,-48.07579055,17.3428,0.944114874
6.99564E+13,176.4286974,-48.04357034,19.488224,0.792725962
7.00595E+13,176.4123191,-48.03070604,15.715656,1.091280938
7.01282E+13,176.3886591,-48.05899689,20.221575,0.268941406
7.0373E+13,176.249932,-48.94287504,16.526604,2.113771509
7.04031E+13,176.2473378,-48.9221065,20.816565,0.279136928
7.04074E+13,176.2638189,-48.91832097,15.626632,1.009562562
7.04761E+13,176.2291399,-48.9308811,11.763706,5.036105469
7.05062E+13,176.2520451,-48.91122294,19.355915,1.336625803
7.05062E+13,176.2540801,-48.91642833,20.697165,4.922599667
7.05405E+13,176.257562,-48.8964087,19.804985,0.143951477
7.05792E+13,176.2334532,-48.91755274,14.61556,1.027183096
7.06093E+13,176.2379232,-48.89439825,17.514656,1.898773713
7.07123E+13,176.1879447,-48.94872339,19.65662,0.20671716
7.07123E+13,176.1891719,-48.94342141,19.889107,0.70220332
7.07467E+13,176.1957569,-48.92718769,13.079447,1.529991518
7.07467E+13,176.1900243,-48.92310874,19.774508,0.88630452
7.07811E+13,176.2222884,-48.91359552,19.470957,0.436412045
7.08197E+13,176.2103366,-48.90169762,17.32587,2.332890106
7.11934E+13,176.2177806,-48.88854892,18.237946,0.934981968
7.12621E+13,176.1889832,-48.88924086,20.324757,1.809666787
7.12664E+13,176.1872472,-48.89129835,15.144015,0.572293418
7.12965E+13,176.1878611,-48.87722752,17.935648,1.005354641
7.13652E+13,176.2188096,-48.8463381,20.304514,1.98077177
7.13652E+13,176.2113905,-48.83628444,13.303031,1.304876264
7.15713E+13,176.151642,-48.92869734,18.153152,1.162482493
7.16401E+13,176.1651634,-48.89930634,18.816746,0.76336924
7.16787E+13,176.1493006,-48.92411025,15.600371,1.141067114
7.17818E+13,176.1327709,-48.9388937,19.786621,0.71431924
7.19149E+13,176.1184423,-48.90167172,20.12459,0.72492193
7.19493E+13,176.1120662,-48.92139728,19.502888,0.641518736
7.19493E+13,176.1034871,-48.92671595,17.839756,1.369846237
7.19837E+13,176.0948768,-48.90802483,19.774113,0.578275659
7.20867E+13,176.1513911,-48.88777394,20.203852,2.762532701
7.21555E+13,176.1808858,-48.85910404,18.771133,0.221836505
7.21555E+13,176.1731393,-48.85888639,19.128984,0.188507314
7.21555E+13,176.1831511,-48.86332017,19.327713,3.209876263
7.21898E+13,176.1691412,-48.84682713,19.007404,2.509022074
7.21941E+13,176.1871944,-48.83852927,16.00585,0.589629238
7.23272E+13,176.1336097,-48.87116809,18.071913,0.33379112
7.23315E+13,176.1288908,-48.87725192,19.327967,2.161798867
7.23659E+13,176.0961961,-48.89737021,20.501474,0.022931974
7.26708E+13,176.2339776,-48.81500777,16.748024,0.663855188
7.27052E+13,176.272083,-48.80279888,18.655426,1.007391046
7.27782E+13,176.2480948,-48.79256224,14.040707,0.818796958
7.27782E+13,176.247764,-48.7984852,17.505882,0.421537008
7.29114E+13,176.1886651,-48.8344733,19.084164,0.668054133
7.29157E+13,176.207248,-48.83501646,9.842077,1.460940646
7.32206E+13,176.2543916,-48.7592751,19.622335,2.677077359
7.3255E+13,176.2786601,-48.74140427,20.565556,1.667884422
7.33237E+13,176.2502156,-48.73636992,18.187265,0.266535156
7.3358E+13,176.2533183,-48.71977008,16.014671,3.668025347
7.33924E+13,176.233123,-48.77580155,11.481284,3.021984291
7.34611E+13,176.2078832,-48.77534985,19.987509,0.562070187
7.35685E+13,176.2240419,-48.72806934,19.795815,1.375040871
7.36029E+13,176.2151699,-48.7468511,16.514881,0.582504945
7.37704E+13,176.1611286,-48.81280287,20.66699,2.328501236
7.38391E+13,176.1738633,-48.79209917,18.299557,0.563040793
7.39465E+13,176.1327986,-48.82805821,16.852789,5.005909707
7.39765E+13,176.1393823,-48.81442744,17.963097,0.323650008
7.40109E+13,176.1106374,-48.83448364,18.58269,1.857703808
7.40152E+13,176.1066261,-48.84157848,16.33394,0.986390911
7.40495E+13,176.1218189,-48.81279779,20.248177,1.203386637
7.40796E+13,176.1340946,-48.80895236,18.24902,1.577224496
7.42514E+13,176.1793376,-48.75864581,19.722445,0.412984021
7.42557E+13,176.1795074,-48.75590795,16.575064,3.293905541
7.43244E+13,176.1720678,-48.75947366,20.118946,1.891218762
7.43888E+13,176.1872448,-48.72985691,18.070293,1.767149694
7.43931E+13,176.1995001,-48.72283746,16.330847,0.403233141
7.43931E+13,176.1792004,-48.7328393,15.8984,1.875999294
7.44232E+13,176.1589751,-48.75190957,19.01145,3.243841317
7.44962E+13,176.1484572,-48.77072504,16.40062,0.599083095
7.4595E+13,176.1252509,-48.75691517,18.3112,0.619352353
7.45993E+13,176.1311988,-48.76095751,18.884653,1.071622301
7.46981E+13,176.1151002,-48.7419059,18.841656,14.86311985
7.48355E+13,176.0593834,-48.94605239,17.705378,0.785620965
7.49772E+13,176.0574508,-48.91634049,16.814335,1.711494355
7.52135E+13,176.0360508,-48.91123308,19.133486,0.237620215
7.52822E+13,176.0157665,-48.91764916,20.420847,0.57006845
7.53165E+13,176.0834579,-48.89385568,18.480448,3.423960108
7.54583E+13,176.081179,-48.87004994,8.773607,2.471864942
7.54883E+13,176.0995436,-48.84544193,19.383919,1.971174683
7.5527E+13,176.0627802,-48.87178048,13.699389,1.487126584
7.56301E+13,176.0341088,-48.87718819,14.928318,2.262219137
7.56945E+13,176.029484,-48.88184593,17.575472,0.248251424
7.57289E+13,176.0419481,-48.86561511,20.775269,0.818830886
7.57632E+13,176.0467956,-48.84872854,19.150528,1.886477753
7.57976E+13,176.0178802,-48.86329472,18.13029,0.260066467
7.59007E+13,176.0009832,-48.94407827,19.99229,1.079306805
7.61111E+13,175.9798189,-48.90994389,14.9635315,3.373998333
7.61755E+13,175.9473531,-48.94256475,17.132526,0.854877397
7.61755E+13,175.948426,-48.93747903,17.428795,2.300618656
7.62099E+13,175.9209612,-48.96212349,20.75258,2.65326323
7.63473E+13,175.9386413,-48.92338251,18.731539,0.166020334
7.64161E+13,176.0007125,-48.89724514,18.209618,1.043894369
7.64161E+13,175.9939592,-48.89375658,20.422462,0.973538864
7.65879E+13,176.006713,-48.86130601,20.749155,2.496700896
7.67253E+13,175.9583292,-48.88838465,20.595457,0.835000343
7.67253E+13,175.9590088,-48.87934937,20.062048,0.879998237
7.67253E+13,175.9498474,-48.88038574,20.599545,1.947977609
7.68284E+13,175.9511869,-48.8731504,18.976706,1.047076725
7.68327E+13,175.9511814,-48.87381182,15.716717,1.085894254
7.69014E+13,175.9408509,-48.87494634,17.247293,0.27968569
7.71376E+13,176.0897733,-48.79313245,19.992697,1.075873597
7.72407E+13,176.0574944,-48.83841027,17.537369,0.442385925
7.7245E+13,176.0397818,-48.83608875,20.388433,1.41435901
7.73438E+13,176.0246968,-48.8278957,17.910389,0.127062477
7.73438E+13,176.0194268,-48.8230559,19.754148,0.773068554
7.73781E+13,176.0613973,-48.80670942,17.999662,0.835081516
7.74469E+13,176.0292162,-48.8156631,12.781659,1.810910976
7.74469E+13,176.0288787,-48.81023479,20.592365,0.541136932
7.75156E+13,176.1044145,-48.7709011,17.722021,3.198678837
7.75499E+13,176.1059375,-48.76822522,20.101803,2.042710387
7.76186E+13,176.0664912,-48.76934209,15.93953,0.575097878
7.77561E+13,176.0814447,-48.73666276,17.110703,2.29924653
7.78635E+13,176.0384065,-48.78436183,14.05522,15.22684064
7.78935E+13,176.0377997,-48.7685653,20.527122,0.444807009
7.79665E+13,176.0497464,-48.74265189,15.3235235,0.415360123
7.80353E+13,176.045318,-48.73174518,15.218708,0.847498098
7.83402E+13,175.9600244,-48.8482235,19.224707,0.977463064
7.85163E+13,175.9721728,-48.80141742,15.722575,1.564650118
7.86881E+13,175.9922329,-48.77987095,13.794991,0.956986261
7.88556E+13,175.9938942,-48.74423633,19.560347,1.933069771
7.8963E+13,175.9510877,-48.77979968,15.719305,2.92552824
7.90961E+13,175.9580771,-48.75620166,20.430908,0.012400114
7.91305E+13,175.9565594,-48.74766206,18.026175,0.533023909
7.91348E+13,175.9537699,-48.74415834,16.318949,2.211177335
7.92679E+13,176.2674589,-48.6965985,17.749372,0.464147881
7.93366E+13,176.2840568,-48.66722716,19.029842,1.060205267
7.93366E+13,176.279621,-48.66595287,18.306444,2.413849613
7.95084E+13,176.2127733,-48.71131721,19.179398,0.321715786
7.95084E+13,176.2029825,-48.71105736,19.902119,0.646377002
7.95127E+13,176.2112371,-48.71070111,16.850203,0.507388161
7.97146E+13,176.2807301,-48.64769017,20.797476,2.724659176
7.97833E+13,176.2688808,-48.65940952,19.035355,1.508434139
8.00238E+13,176.2414456,-48.6391331,18.701128,0.953960914
8.00926E+13,176.220949,-48.64916738,20.200949,1.48009679
8.01312E+13,176.2407108,-48.62363293,18.497162,2.763516187
8.01613E+13,176.2459109,-48.61890988,19.462036,0.568913515
8.01613E+13,176.2552196,-48.60641226,20.049646,0.689051321
8.01613E+13,176.2472356,-48.61264386,19.727516,3.758655042
8.01956E+13,176.230676,-48.62485283,19.483156,1.821882597
8.0303E+13,176.2019355,-48.70728664,20.546843,0.557291283
8.0303E+13,176.1844202,-48.70765542,14.545294,0.709612504
8.03331E+13,176.164927,-48.71135308,18.966005,0.817752499
8.03674E+13,176.1615384,-48.70578701,20.465816,0.74696686
8.03674E+13,176.1645869,-48.70991229,20.532772,1.318320552
8.07497E+13,176.1281267,-48.68722255,19.497053,1.70132669
8.09859E+13,176.1923997,-48.62053351,20.43844,2.503354206
8.10933E+13,176.1626912,-48.66083824,18.180344,0.700954462
8.11921E+13,176.1248448,-48.65310587,18.877998,0.000773836
8.12951E+13,176.1346184,-48.63627749,19.57794,0.75207003
8.12994E+13,176.1360539,-48.62653209,19.15501,0.427802951
8.13295E+13,176.1376839,-48.61260448,19.183765,0.342254091
8.15056E+13,176.2996911,-48.56087382,15.350121,2.374160191
8.157E+13,176.2616347,-48.56683059,19.947857,0.466555635
8.157E+13,176.2714195,-48.56427048,19.597952,2.220252094
8.15743E+13,176.2805132,-48.56798009,20.58477,0.926412307
8.16044E+13,176.2621308,-48.56107587,18.136833,1.544846762
8.16731E+13,176.2513165,-48.57987418,18.695898,0.81104986
8.1948E+13,176.3078145,-48.52391961,20.02908,1.4173982
8.19823E+13,176.2827548,-48.5338772,17.472178,2.277583326
8.20167E+13,176.267039,-48.52597623,17.972357,1.04167861
8.2021E+13,176.2831783,-48.53047392,16.459637,0.104691338
8.21198E+13,176.26745,-48.51731301,19.850325,0.003406725
8.22271E+13,176.2538878,-48.52726229,19.288857,2.01426916
8.22916E+13,176.2286127,-48.53384417,17.387745,0.606660905
8.22959E+13,176.239383,-48.52592674,16.953285,0.307840877
8.22959E+13,176.2311508,-48.53418329,16.187078,0.679170001
8.24677E+13,176.2093012,-48.60702632,10.6514225,2.177522302
8.25321E+13,176.1739376,-48.59570167,16.547573,0.710195491
8.25321E+13,176.1814537,-48.59516352,19.472122,2.772936063
8.27039E+13,176.175546,-48.56191048,17.162485,0.952842808
8.27082E+13,176.1894231,-48.55911238,20.739838,2.587175084
8.29143E+13,176.1654149,-48.55785863,15.529118,1.79762954
8.30475E+13,176.2124425,-48.53491965,19.470722,2.041977875
8.30518E+13,176.2077294,-48.52828085,15.945491,0.762189638
8.31549E+13,176.2163764,-48.51185313,12.805547,15.69907631
8.31549E+13,176.2173958,-48.51267708,9.542494,15.67210396
8.31849E+13,176.2106877,-48.49330969,17.853216,0.512594396
8.32193E+13,176.1830004,-48.52028111,17.662054,0.308308394
8.32536E+13,176.1902153,-48.50218794,19.77666,0.385752965
8.32536E+13,176.1858078,-48.50178684,20.220823,1.900768663
8.33224E+13,176.1751561,-48.52413658,17.942598,0.465303765
8.33267E+13,176.1692449,-48.53723583,16.846184,0.467210441
8.33911E+13,176.1425327,-48.52866431,18.199497,0.148759157
8.33911E+13,176.1442847,-48.5370142,20.50434,0.947648404
8.34254E+13,176.1684567,-48.5203069,20.765646,2.599207021
8.34598E+13,176.1626402,-48.50207446,18.462603,0.078002537
8.35285E+13,176.1518863,-48.504394,20.046438,0.607176163
8.36316E+13,176.0772167,-48.7284953,18.619665,0.410883244
8.38421E+13,176.0571472,-48.72338295,16.565,0.628633231
8.39065E+13,176.0432021,-48.71933953,18.355343,0.296554435
8.39408E+13,176.0470919,-48.70260568,18.262024,0.578408666
8.40439E+13,176.0506415,-48.69693984,19.63396,1.413242884
8.41126E+13,176.109577,-48.66560088,18.36423,2.486877656
8.42544E+13,176.1056718,-48.63785379,15.078234,1.890122852
8.43188E+13,176.0863023,-48.63154928,20.150293,0.717494744
8.43188E+13,176.1009268,-48.63330944,20.170887,0.00585994
8.43875E+13,176.0670116,-48.66350461,18.542822,0.848990926
8.44562E+13,176.0415676,-48.66730232,20.38941,0.857762014
8.4525E+13,176.0673837,-48.63525376,16.692291,0.489337208
8.47998E+13,176.0205455,-48.70153959,18.2444,3.116092837
8.49029E+13,176.0085508,-48.68801924,17.75654,1.739663652
8.49759E+13,175.9832635,-48.72051608,15.734179,0.697759096
8.5006E+13,175.9439592,-48.73709408,17.60356,1.018145828
8.50404E+13,175.9550312,-48.71887917,20.708612,3.664055294
8.50747E+13,175.9736333,-48.69832925,18.784594,0.241894635
8.51477E+13,175.9555689,-48.69419295,15.50342,0.241917647
8.52852E+13,175.9930349,-48.66883084,15.828909,2.12805587
8.53195E+13,175.9990699,-48.65448623,13.246313,1.141187164
8.53496E+13,176.0156089,-48.64592899,19.879118,0.169672141
8.54527E+13,176.000336,-48.63147332,15.765811,1.893899178
8.5487E+13,175.9768511,-48.6750231,20.348742,0.930263894
8.54913E+13,175.9884989,-48.66625444,15.740168,0.951472246
8.55557E+13,175.9509085,-48.66817576,16.100231,3.529969108
8.556E+13,175.9631347,-48.67857746,16.735523,0.430209827
8.56932E+13,175.9718788,-48.64114758,16.713612,0.842578701
8.57318E+13,175.9661696,-48.62818362,16.448675,0.952461118
8.59681E+13,176.1067897,-48.5760945,16.485058,2.742137078
8.60411E+13,176.0677251,-48.61093766,17.050219,0.865529715
8.60711E+13,176.0682505,-48.59788652,19.316029,0.121670687
8.61055E+13,176.0614593,-48.6077549,10.317473,4.123864862
8.61055E+13,176.049175,-48.61327751,19.82064,0.292819252
8.61742E+13,176.0670012,-48.58226293,20.248009,0.706471677
8.64878E+13,176.136257,-48.5099823,16.45201,3.20147998
8.66553E+13,176.0530651,-48.54948284,20.60057,3.996528196
8.66939E+13,176.0710668,-48.53070542,9.868173,7.945763626
8.69001E+13,176.0259984,-48.59675456,19.362125,3.448877821
8.69301E+13,175.998162,-48.61641734,20.644545,1.507788366
8.70332E+13,176.0278857,-48.57232259,18.771322,3.929255165
8.71062E+13,176.0075634,-48.56351687,19.870203,0.775653909
8.71707E+13,175.997398,-48.60150246,18.795425,0.202580029
8.72737E+13,175.9980265,-48.59117464,19.845697,0.361596657
8.76517E+13,176.0253103,-48.51165051,19.736176,1.313474657
8.77204E+13,176.0011367,-48.54781726,19.745878,0.183806213
8.77891E+13,175.9632993,-48.54723919,19.531712,2.537655338
8.78922E+13,175.9836496,-48.53226931,19.923016,0.001984554
8.78965E+13,175.9797831,-48.52751487,16.951487,1.129469246
8.79953E+13,175.9079189,-48.94162091,20.06998,1.775041774
8.80296E+13,175.8854577,-48.96542548,17.80616,1.776990876
8.81671E+13,175.8780642,-48.93924755,19.099018,1.223104768
8.81714E+13,175.8756726,-48.92762154,18.456242,0.18353684
8.82401E+13,175.8551129,-48.96820113,17.774593,0.238168666
8.82745E+13,175.8605613,-48.95135648,15.578984,1.058787579
8.84076E+13,175.8655061,-48.91965976,19.13925,2.138580778
8.8442E+13,175.8412059,-48.93765981,18.687737,0.258560921
8.8442E+13,175.8417296,-48.93489883,19.33855,0.427900523
8.84763E+13,175.8456374,-48.91553012,15.898786,1.431625618
8.84763E+13,175.8515975,-48.91559771,19.631739,2.450728544
8.86138E+13,175.8819311,-48.89251759,20.330616,0.506489623
8.86181E+13,175.8930832,-48.88848419,18.3316,7.058700323
8.86481E+13,175.9140123,-48.87067651,18.280508,2.198550992
8.86524E+13,175.9223353,-48.86930847,19.065296,5.95667354
8.87168E+13,175.8898448,-48.87544906,18.754892,3.441251048
8.87211E+13,175.9000653,-48.8793013,18.690527,0.79595693
8.87512E+13,175.8850092,-48.85554551,15.695141,0.591133789
8.87555E+13,175.9018772,-48.86041899,16.475805,0.493305773
8.88199E+13,175.8609206,-48.88798514,17.995514,2.166281624
8.88543E+13,175.8524854,-48.9105157,18.29675,0.987398889
8.8923E+13,175.8585181,-48.88368081,19.199514,1.432403152
8.89917E+13,175.8564376,-48.87203533,19.671858,1.542813218
8.91635E+13,175.8023397,-48.95456533,17.64757,0.037290212
8.91635E+13,175.7859361,-48.95762186,19.529636,1.51543289
8.92022E+13,175.8285189,-48.93272545,14.939415,0.977043616
8.94427E+13,175.7452694,-48.96149998,14.4600115,1.324623386
8.96832E+13,175.8093035,-48.90230107,19.66558,0.8267781
8.97133E+13,175.8066207,-48.89151097,19.47346,3.303873336
8.98507E+13,175.7982272,-48.86627616,17.645994,0.620958338
9.00225E+13,175.7814202,-48.87971503,17.909197,12.11208474
9.00225E+13,175.77367,-48.88053876,20.191824,0.272452783
9.00569E+13,175.7863352,-48.86847161,20.640862,1.422225838
9.00912E+13,175.7681973,-48.88082999,19.768818,2.752693715
9.00955E+13,175.759885,-48.87911683,13.495413,0.055341693
9.01256E+13,175.7607729,-48.86285387,19.012615,0.121250195
9.01986E+13,175.9079819,-48.82882963,14.843832,0.034126877
9.04005E+13,175.8933999,-48.80674769,17.949615,0.47411668
9.07097E+13,175.9302383,-48.79094983,19.102951,0.983132511
9.09846E+13,175.8858875,-48.7949824,15.998461,1.130447587
9.09889E+13,175.8892982,-48.79682032,16.33206,2.981130852
9.10232E+13,175.8770156,-48.7780473,13.677025,2.458386223
9.11263E+13,175.8790226,-48.7605533,19.851297,1.5317788
9.14699E+13,175.8096202,-48.82803749,13.113621,2.059196942
9.15E+13,175.8169887,-48.80708419,19.122396,0.852821646
9.15343E+13,175.7754078,-48.84992023,17.09808,0.412358477
9.16031E+13,175.755072,-48.85814137,16.601137,0.520417382
9.17405E+13,175.7619596,-48.8281676,19.172302,1.729625502
9.18135E+13,175.8344531,-48.79740282,18.730042,0.400954406
9.20497E+13,175.8103331,-48.75540158,17.43287,0.635867028
9.2054E+13,175.827337,-48.75150593,16.372719,1.683793721
9.20841E+13,175.7935375,-48.80086119,19.72814,1.088897536
9.22215E+13,175.7984107,-48.76824288,20.110207,0.588149808
9.22258E+13,175.7913811,-48.76843515,15.163223,0.424205113
9.22559E+13,175.7967918,-48.74588823,19.372227,1.943925429
9.25694E+13,175.698417,-48.94998871,20.452461,0.101798011
9.26038E+13,175.7211091,-48.92340236,9.920633,10.96987445
9.28057E+13,175.6856925,-48.92773934,18.92389,1.828797233
9.28744E+13,175.677389,-48.92762535,19.393274,0.535697493
9.29087E+13,175.7355374,-48.91087605,19.58592,1.235743163
9.31493E+13,175.7220301,-48.86905524,18.700144,0.677730785
9.34241E+13,175.6847764,-48.87230552,20.476536,0.333277261
9.35315E+13,175.6184912,-48.97471384,20.059557,1.26973213
9.35616E+13,175.6125991,-48.9693887,20.63377,1.333649472
9.35659E+13,175.6277047,-48.96224463,17.851826,0.655769626
9.36689E+13,175.6149761,-48.94898444,14.995658,1.891198841
9.37033E+13,175.6198913,-48.93446356,16.368902,0.472607612
9.37033E+13,175.6286278,-48.93900992,14.875039,1.692536987
9.37677E+13,175.59676,-48.95873938,19.303871,2.36018919
9.38021E+13,175.5660499,-48.97489139,19.39222,2.744924453
9.40125E+13,175.6374837,-48.92264834,18.048443,0.696856126
9.4077E+13,175.6299184,-48.92251468,19.851625,2.669142156
9.418E+13,175.6555962,-48.87988899,18.725668,1.844907329
9.42831E+13,175.6134304,-48.91915105,12.662358,1.650542573
9.44206E+13,175.6151828,-48.88454041,20.430477,1.245095257
9.44249E+13,175.6051358,-48.89292193,16.561563,0.248767995
9.45924E+13,175.7531103,-48.83395578,20.104263,0.023761954
9.46267E+13,175.7111863,-48.8634606,18.276083,1.262892807
9.46954E+13,175.7504227,-48.83081556,20.374226,0.619226678
9.47642E+13,175.7307058,-48.82319384,20.494371,1.730568949
9.48329E+13,175.7074289,-48.86160907,18.309462,0.688166486
9.48672E+13,175.6892883,-48.84853492,18.944008,0.113490119
9.4936E+13,175.6774977,-48.84787852,18.08781,0.974453069
9.5039E+13,175.6772209,-48.83483564,18.63883,1.594407131
9.51808E+13,175.7327354,-48.79650205,17.933575,1.899471192
9.54213E+13,175.7083307,-48.78013799,16.83662,0.24266009
9.55544E+13,175.7136593,-48.76462611,20.313007,0.07652286
9.55888E+13,175.6885454,-48.77035248,20.175903,0.883043342
9.56232E+13,175.6969899,-48.76353094,20.40621,3.031456591
9.56962E+13,175.6546593,-48.84303475,16.858112,1.045454805
9.57262E+13,175.644133,-48.85680987,18.701153,2.933602044
9.57305E+13,175.6241678,-48.86095811,15.793551,1.322706305
9.5898E+13,175.6297624,-48.81444471,18.88487,0.358142049
9.59667E+13,175.6033156,-48.85529145,19.39676,1.246034254
9.60011E+13,175.59623,-48.8659415,17.43742,0.628927494
9.60355E+13,175.58685,-48.85603437,19.344152,0.263417669
9.60355E+13,175.5824256,-48.85317654,19.5715,2.25132641
9.60698E+13,175.6048029,-48.83123567,20.15387,1.778096752
9.60741E+13,175.6145673,-48.83420058,14.902833,0.595161508
9.61772E+13,175.5929933,-48.81917666,17.241604,0.730167481
9.62073E+13,175.662766,-48.80533005,19.264853,0.275213114
9.65208E+13,175.6161775,-48.79710434,17.207767,0.231127138
9.65552E+13,175.5872892,-48.80938237,19.745846,2.250128989
9.66196E+13,175.6307218,-48.76924869,18.768946,0.73103796
9.6757E+13,175.9385758,-48.72854053,20.072199,2.06259598
9.68257E+13,175.9131858,-48.73191787,18.337536,0.638239586
9.68945E+13,175.9405952,-48.7047318,19.403141,0.767750643
9.70663E+13,175.8963796,-48.71623198,18.565092,2.951285771
9.71693E+13,175.8908258,-48.71035212,19.364986,1.372898328
9.73411E+13,175.9395146,-48.65902006,19.1043,1.316863712
9.73755E+13,175.9128043,-48.66747405,20.398458,0.174715104
9.74099E+13,175.9082181,-48.6658854,19.242838,1.016159142
9.74786E+13,175.9347442,-48.62688082,20.307903,1.353444605
9.75473E+13,175.9114745,-48.63277718,19.346846,1.953901449
9.75516E+13,175.9231101,-48.63761374,16.135225,5.625312712
9.75817E+13,175.8829573,-48.6745872,19.137669,1.886478481
9.76203E+13,175.883456,-48.66319604,13.541017,0.787642797
9.76504E+13,175.8803194,-48.67521141,19.584839,0.318112227
9.77191E+13,175.8916285,-48.64115572,20.790747,2.087268211
9.79639E+13,175.8315356,-48.72401701,16.284122,1.008147055
9.79983E+13,175.8368274,-48.7021089,16.992327,0.576470612
9.80627E+13,175.8228168,-48.71294713,18.461983,0.62513607
9.80971E+13,175.8182168,-48.68818781,17.44484,0.528922655
9.83376E+13,175.7763963,-48.71147759,20.673077,1.57105888
9.83419E+13,175.7750064,-48.71698259,16.861883,0.616008326
9.8548E+13,175.8606452,-48.64408283,13.39177,1.263402633
9.87542E+13,175.7900592,-48.67541197,16.637049,0.263292333
9.87842E+13,175.7798027,-48.67277442,17.980509,1.856819488
9.87842E+13,175.7831973,-48.66897,19.745108,0.515439063
9.87842E+13,175.7837206,-48.66236064,20.84667,3.04203668
9.88573E+13,175.8041442,-48.63902275,16.734749,5.018107166
9.89217E+13,175.783992,-48.63648293,18.507305,0.580829422
9.8956E+13,175.9481401,-48.61826862,19.050451,0.403803957
9.90634E+13,175.9158827,-48.59601043,16.203386,1.736769911
9.91278E+13,175.9490467,-48.57502001,17.72734,2.106981864
9.91966E+13,175.9278498,-48.57101895,20.14871,1.773393106
9.92352E+13,175.8934449,-48.61745866,14.407327,0.600376522
9.92996E+13,175.8690577,-48.62562252,17.18576,0.201059268
9.93684E+13,175.8942012,-48.58757564,17.232616,1.34216489
9.94714E+13,175.8844356,-48.57324647,20.23988,0.310908572
9.94757E+13,175.8750133,-48.57420784,16.394236,4.807429108
9.95058E+13,175.9561738,-48.56011628,18.707289,1.129797445
9.95058E+13,175.9534632,-48.559883,18.651785,2.421073933
9.95058E+13,175.9600257,-48.55292351,19.856041,2.904803619
9.95101E+13,175.9422125,-48.5545236,18.580692,0.276824858
9.96089E+13,175.9394726,-48.53872134,17.882116,0.409690831
9.97506E+13,175.9292283,-48.51745202,20.743826,0.247203118
9.9785E+13,175.9014839,-48.5623996,17.110899,0.352085178
1.00021E+14,175.8908038,-48.51761454,20.838772,2.129740608
1.0009E+14,175.8659111,-48.59962227,19.981375,1.348969208
1.0009E+14,175.8474912,-48.60893137,20.255516,0.836296476
1.00193E+14,175.8595845,-48.59502016,18.13079,0.459561595
1.00232E+14,175.8527359,-48.58476589,15.709662,1.941957488
1.00232E+14,175.8621147,-48.58451215,15.745449,1.038058905
1.00262E+14,175.8329602,-48.58644006,20.014858,0.807414029
1.00262E+14,175.8411774,-48.58646024,20.391264,2.797214679
1.00296E+14,175.8354975,-48.57330321,20.232573,0.406227085
1.00399E+14,175.7951961,-48.62636251,20.053896,0.50556799
1.00502E+14,175.8135877,-48.58036833,18.174807,1.416370698
1.00605E+14,175.8730818,-48.55697963,15.272224,2.396620735
1.00605E+14,175.8565409,-48.5617853,19.903181,0.00854001
1.00777E+14,175.87658,-48.52515933,19.699865,0.29487533
1.01194E+14,175.7551741,-48.72778107,14.3327055,0.485402335
1.01469E+14,175.7165222,-48.73315577,16.859457,0.389583055
1.01499E+14,175.6811527,-48.73983247,18.636484,0.038167791
1.01567E+14,175.7100602,-48.71642346,18.925467,0.73436617
1.01739E+14,175.7551557,-48.67351826,18.472488,1.385725987
1.01739E+14,175.7643005,-48.67165061,20.575516,3.3588774
1.01881E+14,175.7758273,-48.63376241,14.5829115,0.875893331
1.01911E+14,175.7510763,-48.66118579,17.346144,0.886806829
1.01911E+14,175.7380193,-48.65921789,18.29037,1.214275024
1.01984E+14,175.7114897,-48.683557,15.418187,0.658542995
1.02048E+14,175.6893852,-48.68970792,20.80375,2.461782149
1.02152E+14,175.718634,-48.64326189,19.52769,1.114125069
1.02255E+14,175.6633907,-48.74982822,17.658377,0.941841007
1.02461E+14,175.6462155,-48.72123393,16.43853,3.2883126
1.02495E+14,175.6574302,-48.70349501,17.970774,0.586672886
1.02495E+14,175.6463678,-48.69729271,20.465818,0.877376756
1.02804E+14,175.6805614,-48.69105643,18.19616,1.814468948
1.02804E+14,175.6646483,-48.6942958,18.02124,2.415129759
1.02809E+14,175.6712194,-48.68228536,20.441391,1.691140859
1.02877E+14,175.656931,-48.68600792,16.97474,1.097945671
1.0298E+14,175.6902905,-48.64364081,17.37486,0.208357336
1.03045E+14,175.6551191,-48.65196611,19.872377,0.053227814
1.03354E+14,175.7672227,-48.62201515,20.467096,0.727634944
1.03388E+14,175.7703243,-48.60812623,18.111147,1.687281821
1.03388E+14,175.767897,-48.60872398,19.236559,0.541641102
1.03388E+14,175.7810106,-48.61304399,19.663877,1.712016566
1.03388E+14,175.7682118,-48.61647929,19.869883,1.719925468
1.03526E+14,175.7643908,-48.5870133,19.748917,0.424349375
1.0353E+14,175.7725549,-48.57650165,14.783258,1.409767436
1.03595E+14,175.7552513,-48.58819183,19.693317,0.507678763
1.03904E+14,175.7696218,-48.56891234,17.797836,0.760885827
1.03943E+14,175.7855444,-48.55804254,15.685186,1.498279735
1.04046E+14,175.7791323,-48.54386589,19.848656,0.455099832
1.04144E+14,175.7550341,-48.53062394,16.682476,1.573901344
1.04179E+14,175.7412118,-48.56542639,16.694609,0.346424258
1.04213E+14,175.7387763,-48.55091182,18.702093,0.092367294
1.04213E+14,175.7423517,-48.55717565,19.377075,2.313712573
1.04247E+14,175.7060255,-48.5709746,19.423454,0.164525035
1.04385E+14,175.717469,-48.53789985,20.54787,0.437796126
1.04424E+14,175.7144606,-48.52786482,13.630211,1.761186686
1.04454E+14,175.6852037,-48.62566506,18.966152,1.860244193
1.04488E+14,175.6882541,-48.61677395,17.909193,1.387732746
1.04595E+14,175.6878876,-48.60647169,18.738249,2.757721398
1.04694E+14,175.6682555,-48.59539622,18.32565,2.784402865
1.04905E+14,175.6384789,-48.58453409,15.865851,0.826454234
1.04969E+14,175.6113594,-48.59650359,19.93068,0.576580469
1.05038E+14,175.69806,-48.55338148,19.772491,2.482551056
1.05141E+14,175.6944792,-48.55016673,20.129461,0.401168741
1.05175E+14,175.6947704,-48.53363005,20.293863,1.720678082
1.05283E+14,175.6398313,-48.58217342,14.829,0.864704676
1.05484E+14,175.6292755,-48.55183185,18.55968,1.61285808
1.05489E+14,175.6215444,-48.55429793,16.13345,1.184636063
1.05656E+14,176.2814054,-48.46950831,20.550055,0.970068854
1.05656E+14,176.2800345,-48.46675465,18.023695,0.696299862
1.05725E+14,176.3111374,-48.43041086,14.478945,0.831315026
1.05725E+14,176.3112531,-48.43873099,17.701975,0.554861631
1.05828E+14,176.2675735,-48.48758526,12.46372,2.320809024
1.05862E+14,176.2547065,-48.46221918,19.17063,0.233795247
1.05935E+14,176.240475,-48.47079393,16.309954,1.437825681
1.06073E+14,176.2501443,-48.44169071,15.967099,0.230990887
1.06103E+14,176.3003758,-48.42469051,17.366962,0.505115288
1.0621E+14,176.28941,-48.40666445,16.717346,0.218164662
1.06348E+14,176.2893929,-48.38817185,15.230899,0.684247618
1.06382E+14,176.2577992,-48.4239137,20.078669,1.199775057
1.06412E+14,176.2675015,-48.40536781,19.856293,0.737233957
1.06412E+14,176.2587607,-48.41118402,18.362913,2.525650903
1.06485E+14,176.2439562,-48.41007712,16.302345,3.239274756
1.06485E+14,176.2419775,-48.41117299,16.522797,1.024280627
1.06554E+14,176.2664834,-48.38226208,19.512499,0.3840629
1.06653E+14,176.2199132,-48.48752791,18.633768,1.337602363
1.06653E+14,176.2072094,-48.48767657,19.325216,1.74299394
1.06824E+14,176.2247788,-48.43966938,19.905796,1.374448238
1.06824E+14,176.2206645,-48.43604907,19.931883,0.591016944
1.06824E+14,176.2125884,-48.44202622,16.58553,0.386225687
1.06859E+14,176.1954307,-48.45630426,20.73473,2.888567507
1.06893E+14,176.2019515,-48.4500166,18.927889,1.969023897
1.06893E+14,176.2073993,-48.44284732,19.356464,1.696160834
1.06966E+14,176.1692928,-48.47981932,13.769831,5.583286346
1.06996E+14,176.1454378,-48.4957974,17.38567,0.560970601
1.06996E+14,176.1455846,-48.48380013,19.897953,1.302325876
1.07168E+14,176.1540297,-48.44858187,19.670916,0.572787172
1.07305E+14,176.2056307,-48.4145241,20.511402,1.270779687
1.0734E+14,176.2319312,-48.40130642,19.440126,3.438557113
1.07374E+14,176.2174621,-48.38854681,20.077667,0.466760925
1.07718E+14,176.1600813,-48.38498124,20.40123,0.925517998
1.07718E+14,176.1631976,-48.38312462,19.486876,0.597245177
1.07786E+14,176.3240969,-48.34448756,20.550877,1.033346537
1.08031E+14,176.2637627,-48.37517839,15.580296,1.016821624
1.08268E+14,176.2531148,-48.32411029,19.653414,1.678388091
1.08268E+14,176.2555604,-48.32036447,20.202187,1.785732534
1.08508E+14,176.309708,-48.27921578,19.85133,0.593858485
1.08611E+14,176.2740255,-48.29800294,17.771564,4.966812449
1.08611E+14,176.2728685,-48.30081389,20.735054,2.354061075
1.09195E+14,176.1602673,-48.3767894,18.916162,0.278967466
1.09195E+14,176.1615705,-48.36851912,20.41749,1.399387822
1.092E+14,176.1675384,-48.36853815,17.93068,0.700479795
1.09264E+14,176.1849558,-48.34626002,19.732065,0.028655438
1.09298E+14,176.1914842,-48.33681971,20.611526,2.293122536
1.09401E+14,176.2350264,-48.31362345,18.215643,0.488876469
1.09401E+14,176.2401085,-48.31219558,19.157602,1.468040745
1.09406E+14,176.2343614,-48.32003115,18.426414,0.104186263
1.09543E+14,176.2281232,-48.29064005,15.28245,1.13008509
1.09646E+14,176.2209663,-48.26470996,20.103933,0.001595633
1.09646E+14,176.2198792,-48.27034914,16.007801,3.750724835
1.09715E+14,176.1927852,-48.30592452,16.74751,0.4730741
1.09784E+14,176.1822323,-48.30119833,17.781214,0.349956504
1.09784E+14,176.1653012,-48.30857915,15.352838,1.610712319
1.09882E+14,176.1726737,-48.28887063,17.670557,0.760207575
1.09955E+14,176.1198087,-48.48571678,16.710203,0.701810351
1.09955E+14,176.1376986,-48.49033266,15.919719,0.466257098
1.10054E+14,176.1090505,-48.47123439,19.309423,1.503879401
1.10089E+14,176.142434,-48.45583886,17.849546,0.43130788
1.1026E+14,176.0919232,-48.48497604,20.65789,0.0890555
1.10432E+14,176.0732797,-48.46526047,18.866337,0.880860754
